Title, price, url, img
"A Light in the Attic", £51.77, http://books.toscrape.coma-light-in-the-attic_1000/index.html, http://books.toscrape.com/media/cache/2c/da/2cdad67c44b002e7ead0cc35693c0e8b.jpg
"Tipping the Velvet", £53.74, http://books.toscrape.comtipping-the-velvet_999/index.html, http://books.toscrape.com/media/cache/26/0c/260c6ae16bce31c8f8c95daddd9f4a1c.jpg
"Soumission", £50.10, http://books.toscrape.comsoumission_998/index.html, http://books.toscrape.com/media/cache/3e/ef/3eef99c9d9adef34639f510662022830.jpg
"Sharp Objects", £47.82, http://books.toscrape.comsharp-objects_997/index.html, http://books.toscrape.com/media/cache/32/51/3251cf3a3412f53f339e42cac2134093.jpg
"Sapiens: A Brief History of Humankind", £54.23, http://books.toscrape.comsapiens-a-brief-history-of-humankind_996/index.html, http://books.toscrape.com/media/cache/be/a5/bea5697f2534a2f86a3ef27b5a8c12a6.jpg
"The Requiem Red", £22.65, http://books.toscrape.comthe-requiem-red_995/index.html, http://books.toscrape.com/media/cache/68/33/68339b4c9bc034267e1da611ab3b34f8.jpg
"The Dirty Little Secrets of Getting Your Dream Job", £33.34, http://books.toscrape.comthe-dirty-little-secrets-of-getting-your-dream-job_994/index.html, http://books.toscrape.com/media/cache/92/27/92274a95b7c251fea59a2b8a78275ab4.jpg
"The Coming Woman: A Novel Based on the Life of the Infamous Feminist, Victoria Woodhull", £17.93, http://books.toscrape.comthe-coming-woman-a-novel-based-on-the-life-of-the-infamous-feminist-victoria-woodhull_993/index.html, http://books.toscrape.com/media/cache/3d/54/3d54940e57e662c4dd1f3ff00c78cc64.jpg
"The Boys in the Boat: Nine Americans and Their Epic Quest for Gold at the 1936 Berlin Olympics", £22.60, http://books.toscrape.comthe-boys-in-the-boat-nine-americans-and-their-epic-quest-for-gold-at-the-1936-berlin-olympics_992/index.html, http://books.toscrape.com/media/cache/66/88/66883b91f6804b2323c8369331cb7dd1.jpg
"The Black Maria", £52.15, http://books.toscrape.comthe-black-maria_991/index.html, http://books.toscrape.com/media/cache/58/46/5846057e28022268153beff6d352b06c.jpg
"Starving Hearts (Triangular Trade Trilogy, #1)", £13.99, http://books.toscrape.comstarving-hearts-triangular-trade-trilogy-1_990/index.html, http://books.toscrape.com/media/cache/be/f4/bef44da28c98f905a3ebec0b87be8530.jpg
"Shakespeare's Sonnets", £20.66, http://books.toscrape.comshakespeares-sonnets_989/index.html, http://books.toscrape.com/media/cache/10/48/1048f63d3b5061cd2f424d20b3f9b666.jpg
"Set Me Free", £17.46, http://books.toscrape.comset-me-free_988/index.html, http://books.toscrape.com/media/cache/5b/88/5b88c52633f53cacf162c15f4f823153.jpg
"Scott Pilgrim's Precious Little Life (Scott Pilgrim #1)", £52.29, http://books.toscrape.comscott-pilgrims-precious-little-life-scott-pilgrim-1_987/index.html, http://books.toscrape.com/media/cache/94/b1/94b1b8b244bce9677c2f29ccc890d4d2.jpg
"Rip it Up and Start Again", £35.02, http://books.toscrape.comrip-it-up-and-start-again_986/index.html, http://books.toscrape.com/media/cache/81/c4/81c4a973364e17d01f217e1188253d5e.jpg
"Our Band Could Be Your Life: Scenes from the American Indie Underground, 1981-1991", £57.25, http://books.toscrape.comour-band-could-be-your-life-scenes-from-the-american-indie-underground-1981-1991_985/index.html, http://books.toscrape.com/media/cache/54/60/54607fe8945897cdcced0044103b10b6.jpg
"Olio", £23.88, http://books.toscrape.comolio_984/index.html, http://books.toscrape.com/media/cache/55/33/553310a7162dfbc2c6d19a84da0df9e1.jpg
"Mesaerion: The Best Science Fiction Stories 1800-1849", £37.59, http://books.toscrape.commesaerion-the-best-science-fiction-stories-1800-1849_983/index.html, http://books.toscrape.com/media/cache/09/a3/09a3aef48557576e1a85ba7efea8ecb7.jpg
"Libertarianism for Beginners", £51.33, http://books.toscrape.comlibertarianism-for-beginners_982/index.html, http://books.toscrape.com/media/cache/0b/bc/0bbcd0a6f4bcd81ccb1049a52736406e.jpg
"It's Only the Himalayas", £45.17, http://books.toscrape.comits-only-the-himalayas_981/index.html, http://books.toscrape.com/media/cache/27/a5/27a53d0bb95bdd88288eaf66c9230d7e.jpg
"In Her Wake", £12.84, http://books.toscrape.comin-her-wake_980/index.html, http://books.toscrape.com/media/cache/5d/72/5d72709c6a7a9584a4d1cf07648bfce1.jpg
"How Music Works", £37.32, http://books.toscrape.comhow-music-works_979/index.html, http://books.toscrape.com/media/cache/5c/c8/5cc8e107246cb478960d4f0aba1e1c8e.jpg
"Foolproof Preserving: A Guide to Small Batch Jams, Jellies, Pickles, Condiments, and More: A Foolproof Guide to Making Small Batch Jams, Jellies, Pickles, Condiments, and More", £30.52, http://books.toscrape.comfoolproof-preserving-a-guide-to-small-batch-jams-jellies-pickles-condiments-and-more-a-foolproof-guide-to-making-small-batch-jams-jellies-pickles-condiments-and-more_978/index.html, http://books.toscrape.com/media/cache/9f/59/9f59f01fa916a7bb8f0b28a4012179a4.jpg
"Chase Me (Paris Nights #2)", £25.27, http://books.toscrape.comchase-me-paris-nights-2_977/index.html, http://books.toscrape.com/media/cache/9c/2e/9c2e0eb8866b8e3f3b768994fd3d1c1a.jpg
"Black Dust", £34.53, http://books.toscrape.comblack-dust_976/index.html, http://books.toscrape.com/media/cache/44/cc/44ccc99c8f82c33d4f9d2afa4ef25787.jpg
"Birdsong: A Story in Pictures", £54.64, http://books.toscrape.combirdsong-a-story-in-pictures_975/index.html, http://books.toscrape.com/media/cache/af/6e/af6e796160fe63e0cf19d44395c7ddf2.jpg
"America's Cradle of Quarterbacks: Western Pennsylvania's Football Factory from Johnny Unitas to Joe Montana", £22.50, http://books.toscrape.comamericas-cradle-of-quarterbacks-western-pennsylvanias-football-factory-from-johnny-unitas-to-joe-montana_974/index.html, http://books.toscrape.com/media/cache/ef/0b/ef0bed08de4e083dba5e20fdb98d9c36.jpg
"Aladdin and His Wonderful Lamp", £53.13, http://books.toscrape.comaladdin-and-his-wonderful-lamp_973/index.html, http://books.toscrape.com/media/cache/d6/da/d6da0371958068bbaf39ea9c174275cd.jpg
"Worlds Elsewhere: Journeys Around Shakespeareâs Globe", £40.30, http://books.toscrape.comworlds-elsewhere-journeys-around-shakespeares-globe_972/index.html, http://books.toscrape.com/media/cache/2e/98/2e98c332bf8563b584784971541c4445.jpg
"Wall and Piece", £44.18, http://books.toscrape.comwall-and-piece_971/index.html, http://books.toscrape.com/media/cache/a5/41/a5416b9646aaa7287baa287ec2590270.jpg
"The Four Agreements: A Practical Guide to Personal Freedom", £17.66, http://books.toscrape.comthe-four-agreements-a-practical-guide-to-personal-freedom_970/index.html, http://books.toscrape.com/media/cache/0f/7e/0f7ee69495c0df1d35723f012624a9f8.jpg
"The Five Love Languages: How to Express Heartfelt Commitment to Your Mate", £31.05, http://books.toscrape.comthe-five-love-languages-how-to-express-heartfelt-commitment-to-your-mate_969/index.html, http://books.toscrape.com/media/cache/38/c5/38c56fba316c07305643a8065269594e.jpg
"The Elephant Tree", £23.82, http://books.toscrape.comthe-elephant-tree_968/index.html, http://books.toscrape.com/media/cache/5d/7e/5d7ecde8e81513eba8a64c9fe000744b.jpg
"The Bear and the Piano", £36.89, http://books.toscrape.comthe-bear-and-the-piano_967/index.html, http://books.toscrape.com/media/cache/cf/bb/cfbb5e62715c6d888fd07794c9bab5d6.jpg
"Sophie's World", £15.94, http://books.toscrape.comsophies-world_966/index.html, http://books.toscrape.com/media/cache/65/71/6571919836ec51ed54f0050c31d8a0cd.jpg
"Penny Maybe", £33.29, http://books.toscrape.compenny-maybe_965/index.html, http://books.toscrape.com/media/cache/12/53/1253c21c5ef3c6d075c5fa3f5fecee6a.jpg
"Maude (1883-1993):She Grew Up with the country", £18.02, http://books.toscrape.commaude-1883-1993she-grew-up-with-the-country_964/index.html, http://books.toscrape.com/media/cache/f5/88/f5889d038f5d8e949b494d147c2dcf54.jpg
"In a Dark, Dark Wood", £19.63, http://books.toscrape.comin-a-dark-dark-wood_963/index.html, http://books.toscrape.com/media/cache/23/85/238570a1c284e730dbc737a7e631ae2b.jpg
"Behind Closed Doors", £52.22, http://books.toscrape.combehind-closed-doors_962/index.html, http://books.toscrape.com/media/cache/e1/5c/e15c289ba58cea38519e1281e859f0c1.jpg
"You can't bury them all: Poems", £33.63, http://books.toscrape.comyou-cant-bury-them-all-poems_961/index.html, http://books.toscrape.com/media/cache/e9/20/e9203b733126c4a0832a1c7885dc27cf.jpg
"Slow States of Collapse: Poems", £57.31, http://books.toscrape.comslow-states-of-collapse-poems_960/index.html, http://books.toscrape.com/media/cache/72/41/72417db983862010ef0c1a25de98c7d7.jpg
"Reasons to Stay Alive", £26.41, http://books.toscrape.comreasons-to-stay-alive_959/index.html, http://books.toscrape.com/media/cache/cb/bd/cbbdb0222ee8a0f6ab61657412a15794.jpg
"Private Paris (Private #10)", £47.61, http://books.toscrape.comprivate-paris-private-10_958/index.html, http://books.toscrape.com/media/cache/9d/05/9d0533bae1578846d728a82913b95c26.jpg
"#HigherSelfie: Wake Up Your Life. Free Your Soul. Find Your Tribe.", £23.11, http://books.toscrape.comhigherselfie-wake-up-your-life-free-your-soul-find-your-tribe_957/index.html, http://books.toscrape.com/media/cache/9c/46/9c463c7631c82401160fd3b554b8f0e1.jpg
"Without Borders (Wanderlove #1)", £45.07, http://books.toscrape.comwithout-borders-wanderlove-1_956/index.html, http://books.toscrape.com/media/cache/24/e2/24e2f5c9d325c4004d8190c054da86dd.jpg
"When We Collided", £31.77, http://books.toscrape.comwhen-we-collided_955/index.html, http://books.toscrape.com/media/cache/08/04/08044269fc197645268a6197c57e6173.jpg
"We Love You, Charlie Freeman", £50.27, http://books.toscrape.comwe-love-you-charlie-freeman_954/index.html, http://books.toscrape.com/media/cache/5f/15/5f152afdbc42356ecba02f61058a7e5b.jpg
"Untitled Collection: Sabbath Poems 2014", £14.27, http://books.toscrape.comuntitled-collection-sabbath-poems-2014_953/index.html, http://books.toscrape.com/media/cache/f9/3b/f93b4a650f03a5d21f2436d7813f42c2.jpg
"Unseen City: The Majesty of Pigeons, the Discreet Charm of Snails & Other Wonders of the Urban Wilderness", £44.18, http://books.toscrape.comunseen-city-the-majesty-of-pigeons-the-discreet-charm-of-snails-other-wonders-of-the-urban-wilderness_952/index.html, http://books.toscrape.com/media/cache/41/a2/41a20f35adf0caea24f208dc01ad7681.jpg
"Unicorn Tracks", £18.78, http://books.toscrape.comunicorn-tracks_951/index.html, http://books.toscrape.com/media/cache/76/8e/768ea5924ac1ef6297c2be9959c796c2.jpg
"Unbound: How Eight Technologies Made Us Human, Transformed Society, and Brought Our World to the Brink", £25.52, http://books.toscrape.comunbound-how-eight-technologies-made-us-human-transformed-society-and-brought-our-world-to-the-brink_950/index.html, http://books.toscrape.com/media/cache/4a/3b/4a3b055f9e378a95fedbef55e7bab7ce.jpg
"Tsubasa: WoRLD CHRoNiCLE 2 (Tsubasa WoRLD CHRoNiCLE #2)", £16.28, http://books.toscrape.comtsubasa-world-chronicle-2-tsubasa-world-chronicle-2_949/index.html, http://books.toscrape.com/media/cache/36/df/36df4caaf1420b1183a8235355d39e69.jpg
"Throwing Rocks at the Google Bus: How Growth Became the Enemy of Prosperity", £31.12, http://books.toscrape.comthrowing-rocks-at-the-google-bus-how-growth-became-the-enemy-of-prosperity_948/index.html, http://books.toscrape.com/media/cache/03/86/038650c9e7517b4baf2a423cd8eed38f.jpg
"This One Summer", £19.49, http://books.toscrape.comthis-one-summer_947/index.html, http://books.toscrape.com/media/cache/c4/dd/c4ddd9ced89966b0602ec85e00cd5b61.jpg
"Thirst", £17.27, http://books.toscrape.comthirst_946/index.html, http://books.toscrape.com/media/cache/c4/0a/c40a64f59e7487b1a80a049f6ceb2ba5.jpg
"The Torch Is Passed: A Harding Family Story", £19.09, http://books.toscrape.comthe-torch-is-passed-a-harding-family-story_945/index.html, http://books.toscrape.com/media/cache/33/e5/33e507172541628acfd421503196b578.jpg
"The Secret of Dreadwillow Carse", £56.13, http://books.toscrape.comthe-secret-of-dreadwillow-carse_944/index.html, http://books.toscrape.com/media/cache/c4/a2/c4a2a1a026c67bcceb5a411c724d7d0c.jpg
"The Pioneer Woman Cooks: Dinnertime: Comfort Classics, Freezer Food, 16-Minute Meals, and Other Delicious Ways to Solve Supper!", £56.41, http://books.toscrape.comthe-pioneer-woman-cooks-dinnertime-comfort-classics-freezer-food-16-minute-meals-and-other-delicious-ways-to-solve-supper_943/index.html, http://books.toscrape.com/media/cache/b7/f4/b7f4843dbe062d44be1ffcfa16b2faa4.jpg
"The Past Never Ends", £56.50, http://books.toscrape.comthe-past-never-ends_942/index.html, http://books.toscrape.com/media/cache/89/b8/89b850edb01851a91f64ba114b96acb6.jpg
"The Natural History of Us (The Fine Art of Pretending #2)", £45.22, http://books.toscrape.comthe-natural-history-of-us-the-fine-art-of-pretending-2_941/index.html, http://books.toscrape.com/media/cache/5d/7f/5d7f496cdf5e5962a73ecdcc1505c1d5.jpg
"The Nameless City (The Nameless City #1)", £38.16, http://books.toscrape.comthe-nameless-city-the-nameless-city-1_940/index.html, http://books.toscrape.com/media/cache/f4/79/f479de5f305c2ac0512702cf7155bb74.jpg
"The Murder That Never Was (Forensic Instincts #5)", £54.11, http://books.toscrape.comthe-murder-that-never-was-forensic-instincts-5_939/index.html, http://books.toscrape.com/media/cache/dc/44/dc44f8e2aebac48ca8553814d9b021a8.jpg
"The Most Perfect Thing: Inside (and Outside) a Bird's Egg", £42.96, http://books.toscrape.comthe-most-perfect-thing-inside-and-outside-a-birds-egg_938/index.html, http://books.toscrape.com/media/cache/d4/8d/d48d5122a15347e9fe2b15ad354d69bf.jpg
"The Mindfulness and Acceptance Workbook for Anxiety: A Guide to Breaking Free from Anxiety, Phobias, and Worry Using Acceptance and Commitment Therapy", £23.89, http://books.toscrape.comthe-mindfulness-and-acceptance-workbook-for-anxiety-a-guide-to-breaking-free-from-anxiety-phobias-and-worry-using-acceptance-and-commitment-therapy_937/index.html, http://books.toscrape.com/media/cache/f8/6d/f86d08178e3788563ac17be5aefd29f0.jpg
"The Life-Changing Magic of Tidying Up: The Japanese Art of Decluttering and Organizing", £16.77, http://books.toscrape.comthe-life-changing-magic-of-tidying-up-the-japanese-art-of-decluttering-and-organizing_936/index.html, http://books.toscrape.com/media/cache/95/64/95647d6a526bf54120b9445e124794e1.jpg
"The Inefficiency Assassin: Time Management Tactics for Working Smarter, Not Longer", £20.59, http://books.toscrape.comthe-inefficiency-assassin-time-management-tactics-for-working-smarter-not-longer_935/index.html, http://books.toscrape.com/media/cache/75/dc/75dce2f5949b407161f37f0af249b018.jpg
"The Gutsy Girl: Escapades for Your Life of Epic Adventure", £37.13, http://books.toscrape.comthe-gutsy-girl-escapades-for-your-life-of-epic-adventure_934/index.html, http://books.toscrape.com/media/cache/64/15/641570cd7e7aded53c7d33d78a9629f1.jpg
"The Electric Pencil: Drawings from Inside State Hospital No. 3", £56.06, http://books.toscrape.comthe-electric-pencil-drawings-from-inside-state-hospital-no-3_933/index.html, http://books.toscrape.com/media/cache/2e/23/2e236e23ad52aa74505f224f6552eda8.jpg
"The Death of Humanity: and the Case for Life", £58.11, http://books.toscrape.comthe-death-of-humanity-and-the-case-for-life_932/index.html, http://books.toscrape.com/media/cache/71/df/71df730cf38c232ee58a2e407135f055.jpg
"The Bulletproof Diet: Lose up to a Pound a Day, Reclaim Energy and Focus, Upgrade Your Life", £49.05, http://books.toscrape.comthe-bulletproof-diet-lose-up-to-a-pound-a-day-reclaim-energy-and-focus-upgrade-your-life_931/index.html, http://books.toscrape.com/media/cache/ee/3e/ee3e219d23e73ba71c79b700f183aaed.jpg
"The Art Forger", £40.76, http://books.toscrape.comthe-art-forger_930/index.html, http://books.toscrape.com/media/cache/70/fa/70fa6c0437d9c97dbeada6bd32bf9d2c.jpg
"The Age of Genius: The Seventeenth Century and the Birth of the Modern Mind", £19.73, http://books.toscrape.comthe-age-of-genius-the-seventeenth-century-and-the-birth-of-the-modern-mind_929/index.html, http://books.toscrape.com/media/cache/2d/4e/2d4e358712e6c9f1d3bdd78d1a16e5a8.jpg
"The Activist's Tao Te Ching: Ancient Advice for a Modern Revolution", £32.24, http://books.toscrape.comthe-activists-tao-te-ching-ancient-advice-for-a-modern-revolution_928/index.html, http://books.toscrape.com/media/cache/96/db/96db61bb53930c560fb4c1c62b583816.jpg
"Spark Joy: An Illustrated Master Class on the Art of Organizing and Tidying Up", £41.83, http://books.toscrape.comspark-joy-an-illustrated-master-class-on-the-art-of-organizing-and-tidying-up_927/index.html, http://books.toscrape.com/media/cache/f3/4f/f34ffb24cc21c9f9f52dad4fd8f3ac21.jpg
"Soul Reader", £39.58, http://books.toscrape.comsoul-reader_926/index.html, http://books.toscrape.com/media/cache/69/85/69852567cf97264a1442cbc882c84903.jpg
"Security", £39.25, http://books.toscrape.comsecurity_925/index.html, http://books.toscrape.com/media/cache/da/df/dadfac66a89774b46b10225362724c83.jpg
"Saga, Volume 6 (Saga (Collected Editions) #6)", £25.02, http://books.toscrape.comsaga-volume-6-saga-collected-editions-6_924/index.html, http://books.toscrape.com/media/cache/43/ae/43aee83ebb31e2122a7215e413770e5c.jpg
"Saga, Volume 5 (Saga (Collected Editions) #5)", £51.04, http://books.toscrape.comsaga-volume-5-saga-collected-editions-5_923/index.html, http://books.toscrape.com/media/cache/e1/ea/e1ea6cb36e62ae6dc7b805f68ab9a700.jpg
"Reskilling America: Learning to Labor in the Twenty-First Century", £19.83, http://books.toscrape.comreskilling-america-learning-to-labor-in-the-twenty-first-century_922/index.html, http://books.toscrape.com/media/cache/97/f8/97f8debeeaaece9603267653076e760f.jpg
"Rat Queens, Vol. 3: Demons (Rat Queens (Collected Editions) #11-15)", £50.40, http://books.toscrape.comrat-queens-vol-3-demons-rat-queens-collected-editions-11-15_921/index.html, http://books.toscrape.com/media/cache/f3/ef/f3efd43ae0fa85d9b325d5e8783e7af5.jpg
"Princess Jellyfish 2-in-1 Omnibus, Vol. 01 (Princess Jellyfish 2-in-1 Omnibus #1)", £13.61, http://books.toscrape.comprincess-jellyfish-2-in-1-omnibus-vol-01-princess-jellyfish-2-in-1-omnibus-1_920/index.html, http://books.toscrape.com/media/cache/78/0b/780b2c28122750c2c383846155815bf7.jpg
"Princess Between Worlds (Wide-Awake Princess #5)", £13.34, http://books.toscrape.comprincess-between-worlds-wide-awake-princess-5_919/index.html, http://books.toscrape.com/media/cache/b7/e8/b7e84b78be3d9bb79b71156a5e5d4e42.jpg
"Pop Gun War, Volume 1: Gift", £18.97, http://books.toscrape.compop-gun-war-volume-1-gift_918/index.html, http://books.toscrape.com/media/cache/c8/2f/c82f629a31b3f47bdb17ac14aa51076d.jpg
"Political Suicide: Missteps, Peccadilloes, Bad Calls, Backroom Hijinx, Sordid Pasts, Rotten Breaks, and Just Plain Dumb Mistakes in the Annals of American Politics", £36.28, http://books.toscrape.compolitical-suicide-missteps-peccadilloes-bad-calls-backroom-hijinx-sordid-pasts-rotten-breaks-and-just-plain-dumb-mistakes-in-the-annals-of-american-politics_917/index.html, http://books.toscrape.com/media/cache/64/44/6444dacdcb9edaadbbd691524622aeb8.jpg
"Patience", £10.16, http://books.toscrape.compatience_916/index.html, http://books.toscrape.com/media/cache/01/72/01726c619a05114dca75bd840095016d.jpg
"Outcast, Vol. 1: A Darkness Surrounds Him (Outcast #1)", £15.44, http://books.toscrape.comoutcast-vol-1-a-darkness-surrounds-him-outcast-1_915/index.html, http://books.toscrape.com/media/cache/cb/00/cb004189f548d75ad430d3ed19e6daa9.jpg
"orange: The Complete Collection 1 (orange: The Complete Collection #1)", £48.41, http://books.toscrape.comorange-the-complete-collection-1-orange-the-complete-collection-1_914/index.html, http://books.toscrape.com/media/cache/03/88/03886a8502ca54dbce0d91c2568ab69d.jpg
"Online Marketing for Busy Authors: A Step-By-Step Guide", £46.35, http://books.toscrape.comonline-marketing-for-busy-authors-a-step-by-step-guide_913/index.html, http://books.toscrape.com/media/cache/ea/9b/ea9b2cb8abbb317402e618445bade1e1.jpg
"On a Midnight Clear", £14.07, http://books.toscrape.comon-a-midnight-clear_912/index.html, http://books.toscrape.com/media/cache/a1/14/a114d70e7babf110ba42a389078e9a45.jpg
"Obsidian (Lux #1)", £14.86, http://books.toscrape.comobsidian-lux-1_911/index.html, http://books.toscrape.com/media/cache/fc/72/fc72f158554b4b4164701e1dfa1153c7.jpg
"My Paris Kitchen: Recipes and Stories", £33.37, http://books.toscrape.commy-paris-kitchen-recipes-and-stories_910/index.html, http://books.toscrape.com/media/cache/f5/65/f565af3d9dd20a1ad72a1e7c4157387d.jpg
"Masks and Shadows", £56.40, http://books.toscrape.commasks-and-shadows_909/index.html, http://books.toscrape.com/media/cache/ff/e8/ffe81bf98f8386ef29e193abfb6f9c1e.jpg
"Mama Tried: Traditional Italian Cooking for the Screwed, Crude, Vegan, and Tattooed", £14.02, http://books.toscrape.commama-tried-traditional-italian-cooking-for-the-screwed-crude-vegan-and-tattooed_908/index.html, http://books.toscrape.com/media/cache/10/c6/10c61093002db1fec4089d8076678624.jpg
"Lumberjanes, Vol. 2: Friendship to the Max (Lumberjanes #5-8)", £46.91, http://books.toscrape.comlumberjanes-vol-2-friendship-to-the-max-lumberjanes-5-8_907/index.html, http://books.toscrape.com/media/cache/d3/15/d3158e8d3546fb90cced3c1d44a92a34.jpg
"Lumberjanes, Vol. 1: Beware the Kitten Holy (Lumberjanes #1-4)", £45.61, http://books.toscrape.comlumberjanes-vol-1-beware-the-kitten-holy-lumberjanes-1-4_906/index.html, http://books.toscrape.com/media/cache/7e/a0/7ea062007ef00107e3c16d336b41fab2.jpg
"Lumberjanes Vol. 3: A Terrible Plan (Lumberjanes #9-12)", £19.92, http://books.toscrape.comlumberjanes-vol-3-a-terrible-plan-lumberjanes-9-12_905/index.html, http://books.toscrape.com/media/cache/5f/b1/5fb1bf88dcfda795606745ce35be5975.jpg
"Layered: Baking, Building, and Styling Spectacular Cakes", £40.11, http://books.toscrape.comlayered-baking-building-and-styling-spectacular-cakes_904/index.html, http://books.toscrape.com/media/cache/98/d1/98d1c979c4bac9e147a6718946578b0f.jpg
"Judo: Seven Steps to Black Belt (an Introductory Guide for Beginners)", £53.90, http://books.toscrape.comjudo-seven-steps-to-black-belt-an-introductory-guide-for-beginners_903/index.html, http://books.toscrape.com/media/cache/5f/52/5f52b1bc6d45daab2e330c744feb0359.jpg
"Join", £35.67, http://books.toscrape.comjoin_902/index.html, http://books.toscrape.com/media/cache/93/63/9363f0065fbad5689f44fcf6e203eef3.jpg
"In the Country We Love: My Family Divided", £22.00, http://books.toscrape.comin-the-country-we-love-my-family-divided_901/index.html, http://books.toscrape.com/media/cache/fe/ea/feeafd2ad7b3077f8e74cbb1da9e3c7d.jpg
"Immunity: How Elie Metchnikoff Changed the Course of Modern Medicine", £57.36, http://books.toscrape.comimmunity-how-elie-metchnikoff-changed-the-course-of-modern-medicine_900/index.html, http://books.toscrape.com/media/cache/26/1c/261c4eaf957ae4aacf2229b482e76dbe.jpg
"I Hate Fairyland, Vol. 1: Madly Ever After (I Hate Fairyland (Compilations) #1-5)", £29.17, http://books.toscrape.comi-hate-fairyland-vol-1-madly-ever-after-i-hate-fairyland-compilations-1-5_899/index.html, http://books.toscrape.com/media/cache/aa/74/aa74004807e97a79aa084b5db329a99b.jpg
"I am a Hero Omnibus Volume 1", £54.63, http://books.toscrape.comi-am-a-hero-omnibus-volume-1_898/index.html, http://books.toscrape.com/media/cache/16/d4/16d443437126bf6d536a89312c1995a5.jpg
"How to Be Miserable: 40 Strategies You Already Use", £46.03, http://books.toscrape.comhow-to-be-miserable-40-strategies-you-already-use_897/index.html, http://books.toscrape.com/media/cache/da/8b/da8bc9b824dd3f446ef63e438ddbfc85.jpg
"Her Backup Boyfriend (The Sorensen Family #1)", £33.97, http://books.toscrape.comher-backup-boyfriend-the-sorensen-family-1_896/index.html, http://books.toscrape.com/media/cache/1e/bb/1ebbbc3e2d3249b111033cfc40763b0b.jpg
"Giant Days, Vol. 2 (Giant Days #5-8)", £22.11, http://books.toscrape.comgiant-days-vol-2-giant-days-5-8_895/index.html, http://books.toscrape.com/media/cache/90/6f/906f0168b0e155a7077625499b1737b5.jpg
"Forever and Forever: The Courtship of Henry Longfellow and Fanny Appleton", £29.69, http://books.toscrape.comforever-and-forever-the-courtship-of-henry-longfellow-and-fanny-appleton_894/index.html, http://books.toscrape.com/media/cache/d6/58/d658a1485b130ff26ca5fb0d5975ed2e.jpg
"First and First (Five Boroughs #3)", £15.97, http://books.toscrape.comfirst-and-first-five-boroughs-3_893/index.html, http://books.toscrape.com/media/cache/c4/d1/c4d1517cc9370e292366b6132ca9ca36.jpg
"Fifty Shades Darker (Fifty Shades #2)", £21.96, http://books.toscrape.comfifty-shades-darker-fifty-shades-2_892/index.html, http://books.toscrape.com/media/cache/cc/bd/ccbdae9e29b3594301528fa2c876ec29.jpg
"Everydata: The Misinformation Hidden in the Little Data You Consume Every Day", £54.35, http://books.toscrape.comeverydata-the-misinformation-hidden-in-the-little-data-you-consume-every-day_891/index.html, http://books.toscrape.com/media/cache/64/94/6494bf61176ca73b61255909230030be.jpg
"Don't Be a Jerk: And Other Practical Advice from Dogen, Japan's Greatest Zen Master", £37.97, http://books.toscrape.comdont-be-a-jerk-and-other-practical-advice-from-dogen-japans-greatest-zen-master_890/index.html, http://books.toscrape.com/media/cache/95/30/953013d044aa313cc162dec414f3969a.jpg
"Danganronpa Volume 1", £51.99, http://books.toscrape.comdanganronpa-volume-1_889/index.html, http://books.toscrape.com/media/cache/78/97/7897eea91c4a85aca58d925861d4afec.jpg
"Crown of Midnight (Throne of Glass #2)", £43.29, http://books.toscrape.comcrown-of-midnight-throne-of-glass-2_888/index.html, http://books.toscrape.com/media/cache/66/25/6625e3bbb050de3e42a0c302c0d69f1f.jpg
"Codename Baboushka, Volume 1: The Conclave of Death", £36.72, http://books.toscrape.comcodename-baboushka-volume-1-the-conclave-of-death_887/index.html, http://books.toscrape.com/media/cache/f6/88/f688a9d6a89fdf38e4e88439ee9eda69.jpg
"Camp Midnight", £17.08, http://books.toscrape.comcamp-midnight_886/index.html, http://books.toscrape.com/media/cache/dd/c9/ddc95df6754df8e71bf969c088056188.jpg
"Call the Nurse: True Stories of a Country Nurse on a Scottish Isle", £29.14, http://books.toscrape.comcall-the-nurse-true-stories-of-a-country-nurse-on-a-scottish-isle_885/index.html, http://books.toscrape.com/media/cache/88/9e/889e0bac4c7c0e7178f0165b8d3b4617.jpg
"Burning", £28.81, http://books.toscrape.comburning_884/index.html, http://books.toscrape.com/media/cache/26/95/269507c7bb35d2cec9b61a03d1c28e67.jpg
"Bossypants", £49.46, http://books.toscrape.combossypants_883/index.html, http://books.toscrape.com/media/cache/27/d2/27d20361745ec2f7be668b18a4da29da.jpg
"Bitch Planet, Vol. 1: Extraordinary Machine (Bitch Planet (Collected Editions))", £37.92, http://books.toscrape.combitch-planet-vol-1-extraordinary-machine-bitch-planet-collected-editions_882/index.html, http://books.toscrape.com/media/cache/e4/1d/e41d34204a1fffbf825d8beb3dbf4cbc.jpg
"Avatar: The Last Airbender: Smoke and Shadow, Part 3 (Smoke and Shadow #3)", £28.09, http://books.toscrape.comavatar-the-last-airbender-smoke-and-shadow-part-3-smoke-and-shadow-3_881/index.html, http://books.toscrape.com/media/cache/06/18/061811c5845d0e13bc04b2a755f0830f.jpg
"Algorithms to Live By: The Computer Science of Human Decisions", £30.81, http://books.toscrape.comalgorithms-to-live-by-the-computer-science-of-human-decisions_880/index.html, http://books.toscrape.com/media/cache/23/b4/23b42e094c02d52b14b11a960d49610e.jpg
"A World of Flavor: Your Gluten Free Passport", £42.95, http://books.toscrape.coma-world-of-flavor-your-gluten-free-passport_879/index.html, http://books.toscrape.com/media/cache/78/2e/782e315667ec50759b8603527ee33dec.jpg
"A Piece of Sky, a Grain of Rice: A Memoir in Four Meditations", £56.76, http://books.toscrape.coma-piece-of-sky-a-grain-of-rice-a-memoir-in-four-meditations_878/index.html, http://books.toscrape.com/media/cache/08/89/088995e862aac86c88c608d763f6390e.jpg
"A Murder in Time", £16.64, http://books.toscrape.coma-murder-in-time_877/index.html, http://books.toscrape.com/media/cache/11/aa/11aaad48b5f15e262456ca65294084da.jpg
"A Flight of Arrows (The Pathfinders #2)", £55.53, http://books.toscrape.coma-flight-of-arrows-the-pathfinders-2_876/index.html, http://books.toscrape.com/media/cache/82/96/8296f92b70fb1dafefecda92c1d51941.jpg
"A Fierce and Subtle Poison", £28.13, http://books.toscrape.coma-fierce-and-subtle-poison_875/index.html, http://books.toscrape.com/media/cache/12/f1/12f1963957f27fa83d51f76b183ef490.jpg
"A Court of Thorns and Roses (A Court of Thorns and Roses #1)", £52.37, http://books.toscrape.coma-court-of-thorns-and-roses-a-court-of-thorns-and-roses-1_874/index.html, http://books.toscrape.com/media/cache/c0/88/c08816960890396213a423941af65b8f.jpg
"(Un)Qualified: How God Uses Broken People to Do Big Things", £54.00, http://books.toscrape.comunqualified-how-god-uses-broken-people-to-do-big-things_873/index.html, http://books.toscrape.com/media/cache/cd/db/cddb3eb483ef11a088d519205b7098fb.jpg
"You Are What You Love: The Spiritual Power of Habit", £21.87, http://books.toscrape.comyou-are-what-you-love-the-spiritual-power-of-habit_872/index.html, http://books.toscrape.com/media/cache/6b/70/6b70f2cdb17d9ab7551240a88b9211fe.jpg
"William Shakespeare's Star Wars: Verily, A New Hope (William Shakespeare's Star Wars #4)", £43.30, http://books.toscrape.comwilliam-shakespeares-star-wars-verily-a-new-hope-william-shakespeares-star-wars-4_871/index.html, http://books.toscrape.com/media/cache/02/37/0237b445efc18c5562355a5a2c40889c.jpg
"Tuesday Nights in 1980", £21.04, http://books.toscrape.comtuesday-nights-in-1980_870/index.html, http://books.toscrape.com/media/cache/6b/da/6bdae061cb92c32b0b83cda8dd10275d.jpg
"Tracing Numbers on a Train", £41.60, http://books.toscrape.comtracing-numbers-on-a-train_869/index.html, http://books.toscrape.com/media/cache/06/a6/06a6cfcf89afd1601cbba1a16cda57fb.jpg
"Throne of Glass (Throne of Glass #1)", £35.07, http://books.toscrape.comthrone-of-glass-throne-of-glass-1_868/index.html, http://books.toscrape.com/media/cache/32/d6/32d6aa560e8ddf2a4da1526b95d4c7ab.jpg
"Thomas Jefferson and the Tripoli Pirates: The Forgotten War That Changed American History", £59.64, http://books.toscrape.comthomas-jefferson-and-the-tripoli-pirates-the-forgotten-war-that-changed-american-history_867/index.html, http://books.toscrape.com/media/cache/97/47/974709d437b08e74649b5744471bf472.jpg
"Thirteen Reasons Why", £52.72, http://books.toscrape.comthirteen-reasons-why_866/index.html, http://books.toscrape.com/media/cache/8a/83/8a83b6ce350f01bab21f85e6ba539316.jpg
"The White Cat and the Monk: A Retelling of the Poem âPangur BÃ¡nâ", £58.08, http://books.toscrape.comthe-white-cat-and-the-monk-a-retelling-of-the-poem-pangur-ban_865/index.html, http://books.toscrape.com/media/cache/26/32/2632a1e12f2c085fabbe022ae4cd6933.jpg
"The Wedding Dress", £24.12, http://books.toscrape.comthe-wedding-dress_864/index.html, http://books.toscrape.com/media/cache/28/99/28992d89f4abf54fba183fc8d074adf3.jpg
"The Vacationers", £42.15, http://books.toscrape.comthe-vacationers_863/index.html, http://books.toscrape.com/media/cache/37/25/372578cc073efae80cf284b56040a488.jpg
"The Third Wave: An Entrepreneurâs Vision of the Future", £12.61, http://books.toscrape.comthe-third-wave-an-entrepreneurs-vision-of-the-future_862/index.html, http://books.toscrape.com/media/cache/d0/77/d077a30042df6b916bfc8d257345c69e.jpg
"The Stranger", £17.44, http://books.toscrape.comthe-stranger_861/index.html, http://books.toscrape.com/media/cache/ea/04/ea0476a6f4c318ceccf5e2f2b39f2b15.jpg
"The Shadow Hero (The Shadow Hero)", £33.14, http://books.toscrape.comthe-shadow-hero-the-shadow-hero_860/index.html, http://books.toscrape.com/media/cache/1f/62/1f621dda1b302fc16d83d94b0b5ac31c.jpg
"The Secret (The Secret #1)", £27.37, http://books.toscrape.comthe-secret-the-secret-1_859/index.html, http://books.toscrape.com/media/cache/4e/0f/4e0f05ae01d8fb6bd0d3901edd06de16.jpg
"The Regional Office Is Under Attack!", £51.36, http://books.toscrape.comthe-regional-office-is-under-attack_858/index.html, http://books.toscrape.com/media/cache/f8/31/f8314c7fdaa79fb7191a583e9a852db8.jpg
"The Psychopath Test: A Journey Through the Madness Industry", £36.00, http://books.toscrape.comthe-psychopath-test-a-journey-through-the-madness-industry_857/index.html, http://books.toscrape.com/media/cache/34/f5/34f5f8e513c5f048241f5695e61b2483.jpg
"The Project", £10.65, http://books.toscrape.comthe-project_856/index.html, http://books.toscrape.com/media/cache/10/6e/106e2fc7160712edf8e2ff996dc8cd6c.jpg
"The Power of Now: A Guide to Spiritual Enlightenment", £43.54, http://books.toscrape.comthe-power-of-now-a-guide-to-spiritual-enlightenment_855/index.html, http://books.toscrape.com/media/cache/03/38/0338682e76bad3216cd4c6c28b2b625a.jpg
"The Omnivore's Dilemma: A Natural History of Four Meals", £38.21, http://books.toscrape.comthe-omnivores-dilemma-a-natural-history-of-four-meals_854/index.html, http://books.toscrape.com/media/cache/14/f3/14f3d525e2a114cd71e27201a16af188.jpg
"The Nerdy Nummies Cookbook: Sweet Treats for the Geek in All of Us", £37.34, http://books.toscrape.comthe-nerdy-nummies-cookbook-sweet-treats-for-the-geek-in-all-of-us_853/index.html, http://books.toscrape.com/media/cache/61/bd/61bdfe3950643c47d70c37c4123530f3.jpg
"The Murder of Roger Ackroyd (Hercule Poirot #4)", £44.10, http://books.toscrape.comthe-murder-of-roger-ackroyd-hercule-poirot-4_852/index.html, http://books.toscrape.com/media/cache/29/fe/29fe70b1b2e5a9ba61d4bd331255e19e.jpg
"The Mistake (Off-Campus #2)", £43.29, http://books.toscrape.comthe-mistake-off-campus-2_851/index.html, http://books.toscrape.com/media/cache/a5/43/a543b100a8c1861c1bf5374ca6b576fe.jpg
"The Matchmaker's Playbook (Wingmen Inc. #1)", £55.85, http://books.toscrape.comthe-matchmakers-playbook-wingmen-inc-1_850/index.html, http://books.toscrape.com/media/cache/84/ac/84acb0606c96e55dc729a9d6572a08fb.jpg
"The Love and Lemons Cookbook: An Apple-to-Zucchini Celebration of Impromptu Cooking", £37.60, http://books.toscrape.comthe-love-and-lemons-cookbook-an-apple-to-zucchini-celebration-of-impromptu-cooking_849/index.html, http://books.toscrape.com/media/cache/0d/1f/0d1f3f934460f5a50aaa8c366641234c.jpg
"The Long Shadow of Small Ghosts: Murder and Memory in an American City", £10.97, http://books.toscrape.comthe-long-shadow-of-small-ghosts-murder-and-memory-in-an-american-city_848/index.html, http://books.toscrape.com/media/cache/f2/e5/f2e51dd2b26600459f8eaeb6b9eecaa7.jpg
"The Kite Runner", £41.82, http://books.toscrape.comthe-kite-runner_847/index.html, http://books.toscrape.com/media/cache/58/9d/589d73503d9a23d224de836134fae553.jpg
"The House by the Lake", £36.95, http://books.toscrape.comthe-house-by-the-lake_846/index.html, http://books.toscrape.com/media/cache/0d/cb/0dcb33d60b0e79adf8ab9842e697ea2e.jpg
"The Glittering Court (The Glittering Court #1)", £44.28, http://books.toscrape.comthe-glittering-court-the-glittering-court-1_845/index.html, http://books.toscrape.com/media/cache/3e/0b/3e0b16851bec08b6cbf78d5f64af9114.jpg
"The Girl on the Train", £55.02, http://books.toscrape.comthe-girl-on-the-train_844/index.html, http://books.toscrape.com/media/cache/25/6c/256c946dd0962095f66c6de3b15ab300.jpg
"The Genius of Birds", £17.24, http://books.toscrape.comthe-genius-of-birds_843/index.html, http://books.toscrape.com/media/cache/13/57/1357c6aa40c9e63d2f931927fbf81f3f.jpg
"The Emerald Mystery", £23.15, http://books.toscrape.comthe-emerald-mystery_842/index.html, http://books.toscrape.com/media/cache/81/58/81586cd0bf8743e1f5ed80b6a0e1fabe.jpg
"The Cookies & Cups Cookbook: 125+ sweet & savory recipes reminding you to Always Eat Dessert First", £41.25, http://books.toscrape.comthe-cookies-cups-cookbook-125-sweet-savory-recipes-reminding-you-to-always-eat-dessert-first_841/index.html, http://books.toscrape.com/media/cache/54/89/54899b4584e941ceced511d81092c88a.jpg
"The Bridge to Consciousness: I'm Writing the Bridge Between Science and Our Old and New Beliefs.", £32.00, http://books.toscrape.comthe-bridge-to-consciousness-im-writing-the-bridge-between-science-and-our-old-and-new-beliefs_840/index.html, http://books.toscrape.com/media/cache/fe/b7/feb764b2afa54991cfdbbffdf501b333.jpg
"The Artist's Way: A Spiritual Path to Higher Creativity", £38.49, http://books.toscrape.comthe-artists-way-a-spiritual-path-to-higher-creativity_839/index.html, http://books.toscrape.com/media/cache/0e/6d/0e6dc2484322c5b9e7854ced66fdf62d.jpg
"The Art of War", £33.34, http://books.toscrape.comthe-art-of-war_838/index.html, http://books.toscrape.com/media/cache/6d/71/6d71e36c8b1b9c885e1bb6c72cd8bcf8.jpg
"The Argonauts", £10.93, http://books.toscrape.comthe-argonauts_837/index.html, http://books.toscrape.com/media/cache/0a/15/0a1567cd04a6582d333db71337b4e2a6.jpg
"The 10% Entrepreneur: Live Your Startup Dream Without Quitting Your Day Job", £27.55, http://books.toscrape.comthe-10-entrepreneur-live-your-startup-dream-without-quitting-your-day-job_836/index.html, http://books.toscrape.com/media/cache/82/93/82939ca78da0b724f16ec814849514fd.jpg
"Suddenly in Love (Lake Haven #1)", £55.99, http://books.toscrape.comsuddenly-in-love-lake-haven-1_835/index.html, http://books.toscrape.com/media/cache/e9/f4/e9f4bc8cf5ffaea1504623c936e90a48.jpg
"Something More Than This", £16.24, http://books.toscrape.comsomething-more-than-this_834/index.html, http://books.toscrape.com/media/cache/59/10/5910fbd8a95e8e9de9c660b71e0694e2.jpg
"Soft Apocalypse", £26.12, http://books.toscrape.comsoft-apocalypse_833/index.html, http://books.toscrape.com/media/cache/f0/06/f0060c756556b855184fa32f66280961.jpg
"So You've Been Publicly Shamed", £12.23, http://books.toscrape.comso-youve-been-publicly-shamed_832/index.html, http://books.toscrape.com/media/cache/6e/d4/6ed4991d97f60db29ec7b421e61a2cf3.jpg
"Shoe Dog: A Memoir by the Creator of NIKE", £23.99, http://books.toscrape.comshoe-dog-a-memoir-by-the-creator-of-nike_831/index.html, http://books.toscrape.com/media/cache/19/aa/19aa1184a3565b1dae6092146018e109.jpg
"Shobu Samurai, Project Aryoku (#3)", £29.06, http://books.toscrape.comshobu-samurai-project-aryoku-3_830/index.html, http://books.toscrape.com/media/cache/ae/0c/ae0ccc307568b6d7699786411f3cbcc4.jpg
"Secrets and Lace (Fatal Hearts #1)", £20.27, http://books.toscrape.comsecrets-and-lace-fatal-hearts-1_829/index.html, http://books.toscrape.com/media/cache/84/7c/847c06b541e2a3b2228b96d97a5fe7a6.jpg
"Scarlett Epstein Hates It Here", £43.55, http://books.toscrape.comscarlett-epstein-hates-it-here_828/index.html, http://books.toscrape.com/media/cache/0f/d3/0fd306891f8fd3196653022fd67d6c87.jpg
"Romero and Juliet: A Tragic Tale of Love and Zombies", £36.94, http://books.toscrape.comromero-and-juliet-a-tragic-tale-of-love-and-zombies_827/index.html, http://books.toscrape.com/media/cache/12/f8/12f8002e5aab6d783e29b31aad36b5ba.jpg
"Redeeming Love", £20.47, http://books.toscrape.comredeeming-love_826/index.html, http://books.toscrape.com/media/cache/21/21/2121ba78e26194d92c334fde3850f840.jpg
"Poses for Artists Volume 1 - Dynamic and Sitting Poses: An Essential Reference for Figure Drawing and the Human Form", £41.06, http://books.toscrape.composes-for-artists-volume-1-dynamic-and-sitting-poses-an-essential-reference-for-figure-drawing-and-the-human-form_825/index.html, http://books.toscrape.com/media/cache/5a/89/5a89e2dd7866dda6660fe508bc4b5249.jpg
"Poems That Make Grown Women Cry", £14.19, http://books.toscrape.compoems-that-make-grown-women-cry_824/index.html, http://books.toscrape.com/media/cache/38/64/386468a8c3e6b880664bf7885bf6f726.jpg
"Nightingale, Sing", £38.28, http://books.toscrape.comnightingale-sing_823/index.html, http://books.toscrape.com/media/cache/18/08/18086e581ad354aa65f945c2b5c51350.jpg
"Night Sky with Exit Wounds", £41.05, http://books.toscrape.comnight-sky-with-exit-wounds_822/index.html, http://books.toscrape.com/media/cache/25/54/2554431c797ec725eea50b3f8a83758c.jpg
"Mrs. Houdini", £30.25, http://books.toscrape.commrs-houdini_821/index.html, http://books.toscrape.com/media/cache/0e/fe/0efe86960cdff718aed01a5c3f65b1c3.jpg
"Modern Romance", £28.26, http://books.toscrape.commodern-romance_820/index.html, http://books.toscrape.com/media/cache/28/78/2878538a1039d9c4649110499a1393fb.jpg
"Miss Peregrineâs Home for Peculiar Children (Miss Peregrineâs Peculiar Children #1)", £10.76, http://books.toscrape.commiss-peregrines-home-for-peculiar-children-miss-peregrines-peculiar-children-1_819/index.html, http://books.toscrape.com/media/cache/01/26/01264865c12ed6d987d6f0858cd1d0ba.jpg
"Louisa: The Extraordinary Life of Mrs. Adams", £16.85, http://books.toscrape.comlouisa-the-extraordinary-life-of-mrs-adams_818/index.html, http://books.toscrape.com/media/cache/6f/d9/6fd92e5143cbd5bb8bcf034e5f007dde.jpg
"Little Red", £13.47, http://books.toscrape.comlittle-red_817/index.html, http://books.toscrape.com/media/cache/80/25/8025b80a40178f2a6dd4f99ad88e0fba.jpg
"Library of Souls (Miss Peregrineâs Peculiar Children #3)", £48.56, http://books.toscrape.comlibrary-of-souls-miss-peregrines-peculiar-children-3_816/index.html, http://books.toscrape.com/media/cache/f8/54/f85417465a73e33604624205ba8306cc.jpg
"Large Print Heart of the Pride", £19.15, http://books.toscrape.comlarge-print-heart-of-the-pride_815/index.html, http://books.toscrape.com/media/cache/bd/e9/bde95ab9f776c911a7aa759cad60bb41.jpg
"I Had a Nice Time And Other Lies...: How to find love & sh*t like that", £57.36, http://books.toscrape.comi-had-a-nice-time-and-other-lies-how-to-find-love-sht-like-that_814/index.html, http://books.toscrape.com/media/cache/5f/72/5f72c8a0d5a7292e2929a354ec8a022f.jpg
"Hollow City (Miss Peregrineâs Peculiar Children #2)", £42.98, http://books.toscrape.comhollow-city-miss-peregrines-peculiar-children-2_813/index.html, http://books.toscrape.com/media/cache/e2/60/e260b008b7ea7970562295b7bc64b0cb.jpg
"Grumbles", £22.16, http://books.toscrape.comgrumbles_812/index.html, http://books.toscrape.com/media/cache/d6/1b/d61b12ef0e69d49e2645537dd6a8472a.jpg
"Full Moon over Noahâs Ark: An Odyssey to Mount Ararat and Beyond", £49.43, http://books.toscrape.comfull-moon-over-noahs-ark-an-odyssey-to-mount-ararat-and-beyond_811/index.html, http://books.toscrape.com/media/cache/57/77/57770cac1628f4407636635f4b85e88c.jpg
"Frostbite (Vampire Academy #2)", £29.99, http://books.toscrape.comfrostbite-vampire-academy-2_810/index.html, http://books.toscrape.com/media/cache/71/76/7176317f1915fa0658bb2fe400441207.jpg
"Follow You Home", £21.36, http://books.toscrape.comfollow-you-home_809/index.html, http://books.toscrape.com/media/cache/a7/4b/a74b35375ce874153fd352e33bc7bac9.jpg
"First Steps for New Christians (Print Edition)", £29.00, http://books.toscrape.comfirst-steps-for-new-christians-print-edition_808/index.html, http://books.toscrape.com/media/cache/f1/73/f1731459b1e2f4becf2c52b8f30b8cd7.jpg
"Finders Keepers (Bill Hodges Trilogy #2)", £53.53, http://books.toscrape.comfinders-keepers-bill-hodges-trilogy-2_807/index.html, http://books.toscrape.com/media/cache/6a/81/6a81103b1c01a3f6c56e5718a838a4c8.jpg
"Fables, Vol. 1: Legends in Exile (Fables #1)", £41.62, http://books.toscrape.comfables-vol-1-legends-in-exile-fables-1_806/index.html, http://books.toscrape.com/media/cache/51/8c/518c184a793b751b43045637c8002eb7.jpg
"Eureka Trivia 6.0", £54.59, http://books.toscrape.comeureka-trivia-60_805/index.html, http://books.toscrape.com/media/cache/96/17/96173470df6fc6fef4d0008e957653ce.jpg
"Drive: The Surprising Truth About What Motivates Us", £34.95, http://books.toscrape.comdrive-the-surprising-truth-about-what-motivates-us_804/index.html, http://books.toscrape.com/media/cache/8a/49/8a490347afdc10abe7c2099e466de32f.jpg
"Done Rubbed Out (Reightman & Bailey #1)", £37.72, http://books.toscrape.comdone-rubbed-out-reightman-bailey-1_803/index.html, http://books.toscrape.com/media/cache/08/4d/084da0199a717cb6c1eda30f98d0ea4c.jpg
"Doing It Over (Most Likely To #1)", £35.61, http://books.toscrape.comdoing-it-over-most-likely-to-1_802/index.html, http://books.toscrape.com/media/cache/e9/25/e9250495a525eb203652ad9da85ccb8e.jpg
"Deliciously Ella Every Day: Quick and Easy Recipes for Gluten-Free Snacks, Packed Lunches, and Simple Meals", £42.16, http://books.toscrape.comdeliciously-ella-every-day-quick-and-easy-recipes-for-gluten-free-snacks-packed-lunches-and-simple-meals_801/index.html, http://books.toscrape.com/media/cache/20/f2/20f28657b49f8cb24ed2ec6448bb6df3.jpg
"Dark Notes", £19.19, http://books.toscrape.comdark-notes_800/index.html, http://books.toscrape.com/media/cache/6e/4e/6e4e8f4f4abd94356a9be840e4681e65.jpg
"Daring Greatly: How the Courage to Be Vulnerable Transforms the Way We Live, Love, Parent, and Lead", £19.43, http://books.toscrape.comdaring-greatly-how-the-courage-to-be-vulnerable-transforms-the-way-we-live-love-parent-and-lead_799/index.html, http://books.toscrape.com/media/cache/55/ce/55ced903becc59121d6edb47a4dcfb56.jpg
"Close to You", £49.46, http://books.toscrape.comclose-to-you_798/index.html, http://books.toscrape.com/media/cache/fa/f6/faf6d69a42f477e1da80a71f05a4dc25.jpg
"Chasing Heaven: What Dying Taught Me About Living", £37.80, http://books.toscrape.comchasing-heaven-what-dying-taught-me-about-living_797/index.html, http://books.toscrape.com/media/cache/b7/6a/b76a73640d26b09c4a6f373b09050bed.jpg
"Big Magic: Creative Living Beyond Fear", £30.80, http://books.toscrape.combig-magic-creative-living-beyond-fear_796/index.html, http://books.toscrape.com/media/cache/62/ad/62ad9b4077416ddc0c4908062bca0e5e.jpg
"Becoming Wise: An Inquiry into the Mystery and Art of Living", £27.43, http://books.toscrape.combecoming-wise-an-inquiry-into-the-mystery-and-art-of-living_795/index.html, http://books.toscrape.com/media/cache/ff/69/ff69c96b05affa03f647287e46210bf9.jpg
"Beauty Restored (Riley Family Legacy Novellas #3)", £11.11, http://books.toscrape.combeauty-restored-riley-family-legacy-novellas-3_794/index.html, http://books.toscrape.com/media/cache/51/6f/516f605a957a1f5592b81f4e06c491bb.jpg
"Batman: The Long Halloween (Batman)", £36.50, http://books.toscrape.combatman-the-long-halloween-batman_793/index.html, http://books.toscrape.com/media/cache/78/a7/78a7f184a4d6d62412861c68f1c3ad90.jpg
"Batman: The Dark Knight Returns (Batman)", £15.38, http://books.toscrape.combatman-the-dark-knight-returns-batman_792/index.html, http://books.toscrape.com/media/cache/be/a9/bea95dbd7b2a843519c9a1dcfc433f9b.jpg
"Ayumi's Violin", £15.48, http://books.toscrape.comayumis-violin_791/index.html, http://books.toscrape.com/media/cache/fa/18/fa18c44fba20b8191f6a88e2e28092fd.jpg
"Anonymous", £46.82, http://books.toscrape.comanonymous_790/index.html, http://books.toscrape.com/media/cache/fb/75/fb75a0ce3e0b01fa3852806c6d1f1af6.jpg
"Amy Meets the Saints and Sages", £18.46, http://books.toscrape.comamy-meets-the-saints-and-sages_789/index.html, http://books.toscrape.com/media/cache/00/53/0053efa8515b8e2ad9b029c298766e9f.jpg
"Amid the Chaos", £36.58, http://books.toscrape.comamid-the-chaos_788/index.html, http://books.toscrape.com/media/cache/52/46/524655fade1d9fe1475395a3eaff827a.jpg
"Amatus", £50.54, http://books.toscrape.comamatus_787/index.html, http://books.toscrape.com/media/cache/8f/92/8f92c3b5dc8f5c1a23324bda7477b19c.jpg
"Agnostic: A Spirited Manifesto", £12.51, http://books.toscrape.comagnostic-a-spirited-manifesto_786/index.html, http://books.toscrape.com/media/cache/9f/fc/9ffc43826233092d2acb4414f86627eb.jpg
"Zealot: The Life and Times of Jesus of Nazareth", £24.70, http://books.toscrape.comzealot-the-life-and-times-of-jesus-of-nazareth_785/index.html, http://books.toscrape.com/media/cache/3d/60/3d6003fc37b842a07c2dbe28e47448e1.jpg
"You (You #1)", £43.61, http://books.toscrape.comyou-you-1_784/index.html, http://books.toscrape.com/media/cache/d6/97/d697268540fa982f4dce39f61ed3a342.jpg
"Wonder Woman: Earth One, Volume One (Wonder Woman: Earth One #1)", £37.34, http://books.toscrape.comwonder-woman-earth-one-volume-one-wonder-woman-earth-one-1_783/index.html, http://books.toscrape.com/media/cache/19/39/19396172462f4cc0504d4e6e8b0e1647.jpg
"Wild Swans", £14.36, http://books.toscrape.comwild-swans_782/index.html, http://books.toscrape.com/media/cache/bb/72/bb723ad463531c602ad8bcb244253bf3.jpg
"Why the Right Went Wrong: Conservatism--From Goldwater to the Tea Party and Beyond", £52.65, http://books.toscrape.comwhy-the-right-went-wrong-conservatism-from-goldwater-to-the-tea-party-and-beyond_781/index.html, http://books.toscrape.com/media/cache/db/1b/db1babd3c09b84da800b0e9897fe0097.jpg
"Whole Lotta Creativity Going On: 60 Fun and Unusual Exercises to Awaken and Strengthen Your Creativity", £38.20, http://books.toscrape.comwhole-lotta-creativity-going-on-60-fun-and-unusual-exercises-to-awaken-and-strengthen-your-creativity_780/index.html, http://books.toscrape.com/media/cache/ba/36/ba368dfb2b6ae9979ff59d049c626167.jpg
"What's It Like in Space?: Stories from Astronauts Who've Been There", £19.60, http://books.toscrape.comwhats-it-like-in-space-stories-from-astronauts-whove-been-there_779/index.html, http://books.toscrape.com/media/cache/43/b7/43b70859e93901b019791cef86539ffc.jpg
"We Are Robin, Vol. 1: The Vigilante Business (We Are Robin #1)", £53.90, http://books.toscrape.comwe-are-robin-vol-1-the-vigilante-business-we-are-robin-1_778/index.html, http://books.toscrape.com/media/cache/66/d6/66d6d2b4c0acfa8f40ad0285186ed2d8.jpg
"Walt Disney's Alice in Wonderland", £12.96, http://books.toscrape.comwalt-disneys-alice-in-wonderland_777/index.html, http://books.toscrape.com/media/cache/28/50/2850439c2ba103fb69dba9cd2dd9f0c2.jpg
"V for Vendetta (V for Vendetta Complete)", £37.10, http://books.toscrape.comv-for-vendetta-v-for-vendetta-complete_776/index.html, http://books.toscrape.com/media/cache/cc/8f/cc8fb914bfee31a7903a5cabaae64796.jpg
"Until Friday Night (The Field Party #1)", £46.31, http://books.toscrape.comuntil-friday-night-the-field-party-1_775/index.html, http://books.toscrape.com/media/cache/19/cf/19cf50aea5bf0e8f4bc016f3745b3dfe.jpg
"Unbroken: A World War II Story of Survival, Resilience, and Redemption", £45.95, http://books.toscrape.comunbroken-a-world-war-ii-story-of-survival-resilience-and-redemption_774/index.html, http://books.toscrape.com/media/cache/74/cd/74cd3f345b50452c3be6631669f13aa8.jpg
"Twenty Yawns", £22.08, http://books.toscrape.comtwenty-yawns_773/index.html, http://books.toscrape.com/media/cache/2b/38/2b380f77723c797c0389f978afa6db58.jpg
"Through the Woods", £25.38, http://books.toscrape.comthrough-the-woods_772/index.html, http://books.toscrape.com/media/cache/4c/af/4caf8f2a5ee8828d408cc8faadd3419c.jpg
"This Is Where It Ends", £27.12, http://books.toscrape.comthis-is-where-it-ends_771/index.html, http://books.toscrape.com/media/cache/18/0b/180bfe1902cb3c0eb77d7c712efa2a96.jpg
"The Year of Magical Thinking", £43.04, http://books.toscrape.comthe-year-of-magical-thinking_770/index.html, http://books.toscrape.com/media/cache/bf/e5/bfe526c22c7c08235c27a6474ebb4db9.jpg
"The Wright Brothers", £56.80, http://books.toscrape.comthe-wright-brothers_769/index.html, http://books.toscrape.com/media/cache/02/2e/022e8b81ba1405991401bb46d6330c73.jpg
"The White Queen (The Cousins' War #1)", £25.91, http://books.toscrape.comthe-white-queen-the-cousins-war-1_768/index.html, http://books.toscrape.com/media/cache/72/d8/72d861617b6d3aababe6e61e8d3c1056.jpg
"The Wedding Pact (The O'Malleys #2)", £32.61, http://books.toscrape.comthe-wedding-pact-the-omalleys-2_767/index.html, http://books.toscrape.com/media/cache/7e/67/7e67addd80caaf8a9f9e9daa9cf66bb2.jpg
"The Time Keeper", £27.88, http://books.toscrape.comthe-time-keeper_766/index.html, http://books.toscrape.com/media/cache/8f/f8/8ff8680dde59ea739d6978a01e4d7fe5.jpg
"The Testament of Mary", £52.67, http://books.toscrape.comthe-testament-of-mary_765/index.html, http://books.toscrape.com/media/cache/83/05/8305154438c91a02cefacf4ec8b53393.jpg
"The Star-Touched Queen", £46.02, http://books.toscrape.comthe-star-touched-queen_764/index.html, http://books.toscrape.com/media/cache/53/5e/535e2be0b423797c2cdc7d98882c820a.jpg
"The Songs of the Gods", £44.48, http://books.toscrape.comthe-songs-of-the-gods_763/index.html, http://books.toscrape.com/media/cache/6c/a3/6ca34db7c01e554ad17bd3be74b561e3.jpg
"The Song of Achilles", £37.40, http://books.toscrape.comthe-song-of-achilles_762/index.html, http://books.toscrape.com/media/cache/66/f7/66f79b76d6c6b64fcc8110515c454e09.jpg
"The Rosie Project (Don Tillman #1)", £54.04, http://books.toscrape.comthe-rosie-project-don-tillman-1_761/index.html, http://books.toscrape.com/media/cache/f0/db/f0db1cf76d45f0522d4c8c3c39aa0dd8.jpg
"The Power of Habit: Why We Do What We Do in Life and Business", £16.88, http://books.toscrape.comthe-power-of-habit-why-we-do-what-we-do-in-life-and-business_760/index.html, http://books.toscrape.com/media/cache/52/df/52dfc44f48cf29e7a9e305bcb63e1899.jpg
"The Marriage of Opposites", £28.08, http://books.toscrape.comthe-marriage-of-opposites_759/index.html, http://books.toscrape.com/media/cache/0f/c2/0fc21ec3489cb23116778ee84f425eca.jpg
"The Lucifer Effect: Understanding How Good People Turn Evil", £10.40, http://books.toscrape.comthe-lucifer-effect-understanding-how-good-people-turn-evil_758/index.html, http://books.toscrape.com/media/cache/a6/c8/a6c8256b123493472591c5855c7de704.jpg
"The Long Haul (Diary of a Wimpy Kid #9)", £44.07, http://books.toscrape.comthe-long-haul-diary-of-a-wimpy-kid-9_757/index.html, http://books.toscrape.com/media/cache/46/bd/46bdee520b8136972262fd040533772d.jpg
"The Loney", £23.40, http://books.toscrape.comthe-loney_756/index.html, http://books.toscrape.com/media/cache/6d/10/6d10387a0175701d4ff456a0c7eee67b.jpg
"The Literature Book (Big Ideas Simply Explained)", £17.43, http://books.toscrape.comthe-literature-book-big-ideas-simply-explained_755/index.html, http://books.toscrape.com/media/cache/9e/ea/9eea51ac4a15d18aa976be459da30c47.jpg
"The Last Mile (Amos Decker #2)", £54.21, http://books.toscrape.comthe-last-mile-amos-decker-2_754/index.html, http://books.toscrape.com/media/cache/37/f1/37f118b4a56d866e1e8b563759d6966c.jpg
"The Immortal Life of Henrietta Lacks", £40.67, http://books.toscrape.comthe-immortal-life-of-henrietta-lacks_753/index.html, http://books.toscrape.com/media/cache/94/ac/94ac87da7b40853013093f08356efa3b.jpg
"The Hidden Oracle (The Trials of Apollo #1)", £52.26, http://books.toscrape.comthe-hidden-oracle-the-trials-of-apollo-1_752/index.html, http://books.toscrape.com/media/cache/b4/67/b467a4f01ca6ae8464b9425a156c7c32.jpg
"The Help Yourself Cookbook for Kids: 60 Easy Plant-Based Recipes Kids Can Make to Stay Healthy and Save the Earth", £28.77, http://books.toscrape.comthe-help-yourself-cookbook-for-kids-60-easy-plant-based-recipes-kids-can-make-to-stay-healthy-and-save-the-earth_751/index.html, http://books.toscrape.com/media/cache/c4/dc/c4dcec6f513eaca3f0f3c748d834c46d.jpg
"The Guilty (Will Robie #4)", £13.82, http://books.toscrape.comthe-guilty-will-robie-4_750/index.html, http://books.toscrape.com/media/cache/76/de/76deee06ffe45e646c0113af01f4f401.jpg
"The First Hostage (J.B. Collins #2)", £25.85, http://books.toscrape.comthe-first-hostage-jb-collins-2_749/index.html, http://books.toscrape.com/media/cache/38/34/3834572e651cdc14b18d348fa4875aa9.jpg
"The Dovekeepers", £48.78, http://books.toscrape.comthe-dovekeepers_748/index.html, http://books.toscrape.com/media/cache/8f/3f/8f3f4d67e30a8129577ccc4664998345.jpg
"The Darkest Lie", £35.35, http://books.toscrape.comthe-darkest-lie_747/index.html, http://books.toscrape.com/media/cache/1d/3c/1d3c05b772ab846c111970232360d2c5.jpg
"The Bane Chronicles (The Bane Chronicles #1-11)", £44.73, http://books.toscrape.comthe-bane-chronicles-the-bane-chronicles-1-11_746/index.html, http://books.toscrape.com/media/cache/9a/33/9a333c4a06ce187c5c9d2f5969ddcac2.jpg
"The Bad-Ass Librarians of Timbuktu: And Their Race to Save the Worldâs Most Precious Manuscripts", £15.77, http://books.toscrape.comthe-bad-ass-librarians-of-timbuktu-and-their-race-to-save-the-worlds-most-precious-manuscripts_745/index.html, http://books.toscrape.com/media/cache/88/90/8890073a9c9e3bb696f6baa84fb4dd95.jpg
"The 14th Colony (Cotton Malone #11)", £39.24, http://books.toscrape.comthe-14th-colony-cotton-malone-11_744/index.html, http://books.toscrape.com/media/cache/d9/1a/d91aae72af6c1cb2c63163acabe7895c.jpg
"That Darkness (Gardiner and Renner #1)", £13.92, http://books.toscrape.comthat-darkness-gardiner-and-renner-1_743/index.html, http://books.toscrape.com/media/cache/44/9e/449ed681142bc336646abee754e96639.jpg
"Tastes Like Fear (DI Marnie Rome #3)", £10.69, http://books.toscrape.comtastes-like-fear-di-marnie-rome-3_742/index.html, http://books.toscrape.com/media/cache/3c/91/3c91d97266bd6dda322089695fb46daf.jpg
"Take Me with You", £45.21, http://books.toscrape.comtake-me-with-you_741/index.html, http://books.toscrape.com/media/cache/d8/a4/d8a44eda7cbe7bd1207f868e9adc06f3.jpg
"Swell: A Year of Waves", £45.58, http://books.toscrape.comswell-a-year-of-waves_740/index.html, http://books.toscrape.com/media/cache/10/28/1028b2cf417e49dc1c14609e437a98e0.jpg
"Superman Vol. 1: Before Truth (Superman by Gene Luen Yang #1)", £11.89, http://books.toscrape.comsuperman-vol-1-before-truth-superman-by-gene-luen-yang-1_739/index.html, http://books.toscrape.com/media/cache/7e/c0/7ec0e9ca6153a23b2024b7df7407ee84.jpg
"Still Life with Bread Crumbs", £26.41, http://books.toscrape.comstill-life-with-bread-crumbs_738/index.html, http://books.toscrape.com/media/cache/8e/c7/8ec7f310b74ddd7ec3c859e9b0da7389.jpg
"Steve Jobs", £39.50, http://books.toscrape.comsteve-jobs_737/index.html, http://books.toscrape.com/media/cache/86/31/86313c225719ac946894d780c4ff0839.jpg
"Sorting the Beef from the Bull: The Science of Food Fraud Forensics", £44.74, http://books.toscrape.comsorting-the-beef-from-the-bull-the-science-of-food-fraud-forensics_736/index.html, http://books.toscrape.com/media/cache/68/ca/68caaf9ac41964d5167a3eb67c638393.jpg
"Someone Like You (The Harrisons #2)", £52.79, http://books.toscrape.comsomeone-like-you-the-harrisons-2_735/index.html, http://books.toscrape.com/media/cache/e3/d0/e3d05227f3fc24f0e0c84ccebe108fb0.jpg
"So Cute It Hurts!!, Vol. 6 (So Cute It Hurts!! #6)", £35.43, http://books.toscrape.comso-cute-it-hurts-vol-6-so-cute-it-hurts-6_734/index.html, http://books.toscrape.com/media/cache/b2/48/b2484d13793ff1c4271a3d4023d4d24e.jpg
"Shtum", £55.84, http://books.toscrape.comshtum_733/index.html, http://books.toscrape.com/media/cache/03/16/0316bb6f4785ac69c0643109201bad5d.jpg
"See America: A Celebration of Our National Parks & Treasured Sites", £48.87, http://books.toscrape.comsee-america-a-celebration-of-our-national-parks-treasured-sites_732/index.html, http://books.toscrape.com/media/cache/9a/7e/9a7e63f12829df4b43b31d110bf3dc2e.jpg
"salt.", £46.78, http://books.toscrape.comsalt_731/index.html, http://books.toscrape.com/media/cache/3f/41/3f4160ada0b16e3c64cd2d0dffe781c8.jpg
"Robin War", £47.82, http://books.toscrape.comrobin-war_730/index.html, http://books.toscrape.com/media/cache/45/1d/451d3543022242b8b245793e6b5c26bb.jpg
"Red Hood/Arsenal, Vol. 1: Open for Business (Red Hood/Arsenal #1)", £25.48, http://books.toscrape.comred-hoodarsenal-vol-1-open-for-business-red-hoodarsenal-1_729/index.html, http://books.toscrape.com/media/cache/da/78/da78757466c3b0a2c89f0ddf6b5e642f.jpg
"Rain Fish", £23.57, http://books.toscrape.comrain-fish_728/index.html, http://books.toscrape.com/media/cache/bb/e2/bbe26db72b8a32117bfe4981b7cc8147.jpg
"Quarter Life Poetry: Poems for the Young, Broke and Hangry", £50.89, http://books.toscrape.comquarter-life-poetry-poems-for-the-young-broke-and-hangry_727/index.html, http://books.toscrape.com/media/cache/c8/f2/c8f297fab080ddd02b3ed5c17b83af85.jpg
"Pet Sematary", £10.56, http://books.toscrape.compet-sematary_726/index.html, http://books.toscrape.com/media/cache/7a/72/7a72465b21dbf998323e37b31f9a3f4a.jpg
"Overload: How to Unplug, Unwind, and Unleash Yourself from the Pressure of Stress", £52.15, http://books.toscrape.comoverload-how-to-unplug-unwind-and-unleash-yourself-from-the-pressure-of-stress_725/index.html, http://books.toscrape.com/media/cache/9c/da/9cda4893c7fce0c1c8eaa34fb092aa04.jpg
"Once Was a Time", £18.28, http://books.toscrape.comonce-was-a-time_724/index.html, http://books.toscrape.com/media/cache/97/12/971212afa8e4ff49d92f678bc889d8b7.jpg
"Old School (Diary of a Wimpy Kid #10)", £11.83, http://books.toscrape.comold-school-diary-of-a-wimpy-kid-10_723/index.html, http://books.toscrape.com/media/cache/df/5d/df5d172abe87deda6d533e3e908d27d8.jpg
"No Dream Is Too High: Life Lessons From a Man Who Walked on the Moon", £21.95, http://books.toscrape.comno-dream-is-too-high-life-lessons-from-a-man-who-walked-on-the-moon_722/index.html, http://books.toscrape.com/media/cache/b5/6f/b56ff04effb66fe701a22abd4a7f1667.jpg
"Naruto (3-in-1 Edition), Vol. 14: Includes Vols. 40, 41 & 42 (Naruto: Omnibus #14)", £38.39, http://books.toscrape.comnaruto-3-in-1-edition-vol-14-includes-vols-40-41-42-naruto-omnibus-14_721/index.html, http://books.toscrape.com/media/cache/c8/22/c822360ce0f91c40f7a0491c22287646.jpg
"My Name Is Lucy Barton", £41.56, http://books.toscrape.commy-name-is-lucy-barton_720/index.html, http://books.toscrape.com/media/cache/ca/b1/cab150e556b5fab663a9fec00ed97943.jpg
"My Mrs. Brown", £24.48, http://books.toscrape.commy-mrs-brown_719/index.html, http://books.toscrape.com/media/cache/e0/79/e07906c1e507055da9a2260a74f58273.jpg
"My Kind of Crazy", £40.36, http://books.toscrape.commy-kind-of-crazy_718/index.html, http://books.toscrape.com/media/cache/46/6e/466e9636819aad1126ac6cefb5313ba8.jpg
"Mr. Mercedes (Bill Hodges Trilogy #1)", £28.90, http://books.toscrape.commr-mercedes-bill-hodges-trilogy-1_717/index.html, http://books.toscrape.com/media/cache/a7/f0/a7f092a7b79f848df0226f808fed489b.jpg
"More Than Music (Chasing the Dream #1)", £37.61, http://books.toscrape.commore-than-music-chasing-the-dream-1_716/index.html, http://books.toscrape.com/media/cache/3f/e7/3fe7073a5caac81929524d2d9488f928.jpg
"Made to Stick: Why Some Ideas Survive and Others Die", £38.85, http://books.toscrape.commade-to-stick-why-some-ideas-survive-and-others-die_715/index.html, http://books.toscrape.com/media/cache/e2/2e/e22e4a82d97f9f0689d5295a98f5dcff.jpg
"Luis Paints the World", £53.95, http://books.toscrape.comluis-paints-the-world_714/index.html, http://books.toscrape.com/media/cache/85/e7/85e75d5a9309da5807c82decf3d90263.jpg
"Luckiest Girl Alive", £49.83, http://books.toscrape.comluckiest-girl-alive_713/index.html, http://books.toscrape.com/media/cache/81/c0/81c0a1ce03db82568e2496db945a8227.jpg
"Lowriders to the Center of the Earth (Lowriders in Space #2)", £51.51, http://books.toscrape.comlowriders-to-the-center-of-the-earth-lowriders-in-space-2_712/index.html, http://books.toscrape.com/media/cache/b2/97/b2978e96069dd91785e5ab0bc99c022e.jpg
"Love Is a Mix Tape (Music #1)", £18.03, http://books.toscrape.comlove-is-a-mix-tape-music-1_711/index.html, http://books.toscrape.com/media/cache/a2/6d/a26d8449abb3381e09126eda5f4e8151.jpg
"Looking for Lovely: Collecting the Moments that Matter", £29.14, http://books.toscrape.comlooking-for-lovely-collecting-the-moments-that-matter_710/index.html, http://books.toscrape.com/media/cache/61/1e/611e1804ad968e309a5f788d4ebc1cb4.jpg
"Living Leadership by Insight: A Good Leader Achieves, a Great Leader Builds Monuments", £46.91, http://books.toscrape.comliving-leadership-by-insight-a-good-leader-achieves-a-great-leader-builds-monuments_709/index.html, http://books.toscrape.com/media/cache/e9/5e/e95e82f09681709bb0f927341dda274e.jpg
"Let It Out: A Journey Through Journaling", £26.79, http://books.toscrape.comlet-it-out-a-journey-through-journaling_708/index.html, http://books.toscrape.com/media/cache/51/fc/51fcd3e9384894e6a53a753d2ab856ee.jpg
"Lady Midnight (The Dark Artifices #1)", £16.28, http://books.toscrape.comlady-midnight-the-dark-artifices-1_707/index.html, http://books.toscrape.com/media/cache/89/a6/89a61d48e93bc92537c0a2cb2c0094bb.jpg
"It's All Easy: Healthy, Delicious Weeknight Meals in under 30 Minutes", £19.55, http://books.toscrape.comits-all-easy-healthy-delicious-weeknight-meals-in-under-30-minutes_706/index.html, http://books.toscrape.com/media/cache/fe/67/fe67c381d6a0c4c00a7c191d16939554.jpg
"Island of Dragons (Unwanteds #7)", £29.65, http://books.toscrape.comisland-of-dragons-unwanteds-7_705/index.html, http://books.toscrape.com/media/cache/75/b9/75b99691594fde72ccb1831624cfeff6.jpg
"I Know What I'm Doing -- and Other Lies I Tell Myself: Dispatches from a Life Under Construction", £25.98, http://books.toscrape.comi-know-what-im-doing-and-other-lies-i-tell-myself-dispatches-from-a-life-under-construction_704/index.html, http://books.toscrape.com/media/cache/ea/7b/ea7bcac4b27a5bf6d4f8125bb7af3361.jpg
"I Am Pilgrim (Pilgrim #1)", £10.60, http://books.toscrape.comi-am-pilgrim-pilgrim-1_703/index.html, http://books.toscrape.com/media/cache/ed/07/ed07c9e7c53d4f33a6eb7d41eb0e6d4a.jpg
"Hyperbole and a Half: Unfortunate Situations, Flawed Coping Mechanisms, Mayhem, and Other Things That Happened", £14.75, http://books.toscrape.comhyperbole-and-a-half-unfortunate-situations-flawed-coping-mechanisms-mayhem-and-other-things-that-happened_702/index.html, http://books.toscrape.com/media/cache/b5/a9/b5a90d1c36a96513942f006345ace3d2.jpg
"Hush, Hush (Hush, Hush #1)", £47.02, http://books.toscrape.comhush-hush-hush-hush-1_701/index.html, http://books.toscrape.com/media/cache/2a/b9/2ab91479fe480e964f319fa8ac6991b2.jpg
"Hold Your Breath (Search and Rescue #1)", £28.82, http://books.toscrape.comhold-your-breath-search-and-rescue-1_700/index.html, http://books.toscrape.com/media/cache/0b/89/0b89c3b317d0f89da48356a0b5959c1e.jpg
"Hamilton: The Revolution", £58.79, http://books.toscrape.comhamilton-the-revolution_699/index.html, http://books.toscrape.com/media/cache/34/ef/34ef0844cb1fbca6ab73444087fcf0e6.jpg
"Greek Mythic History", £10.23, http://books.toscrape.comgreek-mythic-history_698/index.html, http://books.toscrape.com/media/cache/36/cf/36cf56c7bdf35aadbcc6f05a8e8d8fcb.jpg
"God: The Most Unpleasant Character in All Fiction", £30.03, http://books.toscrape.comgod-the-most-unpleasant-character-in-all-fiction_697/index.html, http://books.toscrape.com/media/cache/1f/db/1fdb125bcb8cee71f3404b4dc293348c.jpg
"Glory over Everything: Beyond The Kitchen House", £45.84, http://books.toscrape.comglory-over-everything-beyond-the-kitchen-house_696/index.html, http://books.toscrape.com/media/cache/96/41/964194a317f8ce5ed031bf4c9ceb43ab.jpg
"Feathers: Displays of Brilliant Plumage", £49.05, http://books.toscrape.comfeathers-displays-of-brilliant-plumage_695/index.html, http://books.toscrape.com/media/cache/f2/ee/f2ee668cf593ff13a9560c2801e9c2a2.jpg
"Far & Away: Places on the Brink of Change: Seven Continents, Twenty-Five Years", £15.06, http://books.toscrape.comfar-away-places-on-the-brink-of-change-seven-continents-twenty-five-years_694/index.html, http://books.toscrape.com/media/cache/11/e2/11e227bdb5fe8b43dcc2366a157a47c2.jpg
"Every Last Word", £46.47, http://books.toscrape.comevery-last-word_693/index.html, http://books.toscrape.com/media/cache/92/e7/92e7f0a8ca38964fea93e911aefbf6c9.jpg
"Eligible (The Austen Project #4)", £27.09, http://books.toscrape.comeligible-the-austen-project-4_692/index.html, http://books.toscrape.com/media/cache/26/3b/263bf5d128bf18553ea8da8bb19e9a0c.jpg
"El Deafo", £57.62, http://books.toscrape.comel-deafo_691/index.html, http://books.toscrape.com/media/cache/34/eb/34eb0f1b570d4f1f6ad106652f1ac6ff.jpg
"Eight Hundred Grapes", £14.39, http://books.toscrape.comeight-hundred-grapes_690/index.html, http://books.toscrape.com/media/cache/8c/01/8c011092f05791961d25ec3cfcf0a832.jpg
"Eaternity: More than 150 Deliciously Easy Vegan Recipes for a Long, Healthy, Satisfied, Joyful Life", £51.75, http://books.toscrape.comeaternity-more-than-150-deliciously-easy-vegan-recipes-for-a-long-healthy-satisfied-joyful-life_689/index.html, http://books.toscrape.com/media/cache/b1/e1/b1e15eef42c0d71596f9f9ad4e9f48b0.jpg
"Eat Fat, Get Thin", £54.07, http://books.toscrape.comeat-fat-get-thin_688/index.html, http://books.toscrape.com/media/cache/62/3f/623f8e7f7432ce744f4318aae8166ce4.jpg
"Don't Get Caught", £55.35, http://books.toscrape.comdont-get-caught_687/index.html, http://books.toscrape.com/media/cache/b2/df/b2df2ea409c5cf28538b67aff424b11f.jpg
"Doctor Sleep (The Shining #2)", £40.12, http://books.toscrape.comdoctor-sleep-the-shining-2_686/index.html, http://books.toscrape.com/media/cache/55/bf/55bfc858c1cb19867e41415532ae43c6.jpg
"Demigods & Magicians: Percy and Annabeth Meet the Kanes (Percy Jackson & Kane Chronicles Crossover #1-3)", £37.51, http://books.toscrape.comdemigods-magicians-percy-and-annabeth-meet-the-kanes-percy-jackson-kane-chronicles-crossover-1-3_685/index.html, http://books.toscrape.com/media/cache/8f/80/8f8074d9f035c2a0ef8595ad89f7bcc8.jpg
"Dear Mr. Knightley", £11.21, http://books.toscrape.comdear-mr-knightley_684/index.html, http://books.toscrape.com/media/cache/78/87/78873811f8c1d75a0c26d8cc8e6a9dbc.jpg
"Daily Fantasy Sports", £36.58, http://books.toscrape.comdaily-fantasy-sports_683/index.html, http://books.toscrape.com/media/cache/44/ff/44ff81a2ea37d3946605e205ddd538eb.jpg
"Crazy Love: Overwhelmed by a Relentless God", £47.72, http://books.toscrape.comcrazy-love-overwhelmed-by-a-relentless-god_682/index.html, http://books.toscrape.com/media/cache/03/f1/03f1e337afadba35687672b5625a9757.jpg
"Cometh the Hour (The Clifton Chronicles #6)", £25.01, http://books.toscrape.comcometh-the-hour-the-clifton-chronicles-6_681/index.html, http://books.toscrape.com/media/cache/55/11/5511a4296fbd484dcaa89c8a2d25965d.jpg
"Code Name Verity (Code Name Verity #1)", £22.13, http://books.toscrape.comcode-name-verity-code-name-verity-1_680/index.html, http://books.toscrape.com/media/cache/f5/58/f55886d1bf600529a35e1bd932c78ca0.jpg
"Clockwork Angel (The Infernal Devices #1)", £44.14, http://books.toscrape.comclockwork-angel-the-infernal-devices-1_679/index.html, http://books.toscrape.com/media/cache/ff/0e/ff0ee0002f510112b6d7a88f53366e1d.jpg
"City of Glass (The Mortal Instruments #3)", £56.02, http://books.toscrape.comcity-of-glass-the-mortal-instruments-3_678/index.html, http://books.toscrape.com/media/cache/00/08/0008e65aa431ed3625ad3a4352f8e90d.jpg
"City of Fallen Angels (The Mortal Instruments #4)", £11.23, http://books.toscrape.comcity-of-fallen-angels-the-mortal-instruments-4_677/index.html, http://books.toscrape.com/media/cache/c9/40/c940b6c329ecc39aaed2ab0140592a4b.jpg
"City of Bones (The Mortal Instruments #1)", £43.28, http://books.toscrape.comcity-of-bones-the-mortal-instruments-1_676/index.html, http://books.toscrape.com/media/cache/96/af/96af4aaf25ab49b057c10b5b7eb7652c.jpg
"City of Ashes (The Mortal Instruments #2)", £47.27, http://books.toscrape.comcity-of-ashes-the-mortal-instruments-2_675/index.html, http://books.toscrape.com/media/cache/68/da/68dab382d535305ca6025be9921df0d1.jpg
"Cell", £20.29, http://books.toscrape.comcell_674/index.html, http://books.toscrape.com/media/cache/0b/97/0b97282ed82b771ed328e05386a84adb.jpg
"Catching Jordan (Hundred Oaks)", £50.83, http://books.toscrape.comcatching-jordan-hundred-oaks_673/index.html, http://books.toscrape.com/media/cache/ad/ac/adac97366586d261feab30bf5220756e.jpg
"Carry On, Warrior: Thoughts on Life Unarmed", £31.85, http://books.toscrape.comcarry-on-warrior-thoughts-on-life-unarmed_672/index.html, http://books.toscrape.com/media/cache/dd/f5/ddf5da673bb34a74a81faf7271c7ca13.jpg
"Carrie", £46.23, http://books.toscrape.comcarrie_671/index.html, http://books.toscrape.com/media/cache/c5/6f/c56f37eb53888765eb55f86fb7381c2f.jpg
"Buying In: The Secret Dialogue Between What We Buy and Who We Are", £37.80, http://books.toscrape.combuying-in-the-secret-dialogue-between-what-we-buy-and-who-we-are_670/index.html, http://books.toscrape.com/media/cache/f2/fa/f2faa289117546efa0b4068a07778ab0.jpg
"Brain on Fire: My Month of Madness", £49.32, http://books.toscrape.combrain-on-fire-my-month-of-madness_669/index.html, http://books.toscrape.com/media/cache/88/aa/88aad1204951e0900906173b086e6695.jpg
"Batman: Europa", £32.01, http://books.toscrape.combatman-europa_668/index.html, http://books.toscrape.com/media/cache/f1/fe/f1fecf0ce9b5771e4d2c9619e8550988.jpg
"Barefoot Contessa Back to Basics", £28.01, http://books.toscrape.combarefoot-contessa-back-to-basics_667/index.html, http://books.toscrape.com/media/cache/b8/38/b838b65e0e1ac3a9b498dfb1bf004420.jpg
"Barefoot Contessa at Home: Everyday Recipes You'll Make Over and Over Again", £50.62, http://books.toscrape.combarefoot-contessa-at-home-everyday-recipes-youll-make-over-and-over-again_666/index.html, http://books.toscrape.com/media/cache/74/aa/74aa29b1ba4147eaf5b46671bf235861.jpg
"Balloon Animals", £17.03, http://books.toscrape.comballoon-animals_665/index.html, http://books.toscrape.com/media/cache/6e/23/6e2324cae6335e8e98c8b46597afc9a3.jpg
"Art Ops Vol. 1", £48.80, http://books.toscrape.comart-ops-vol-1_664/index.html, http://books.toscrape.com/media/cache/0b/b4/0bb4c64f1522c033368df5567a349472.jpg
"Aristotle and Dante Discover the Secrets of the Universe (Aristotle and Dante Discover the Secrets of the Universe #1)", £58.14, http://books.toscrape.comaristotle-and-dante-discover-the-secrets-of-the-universe-aristotle-and-dante-discover-the-secrets-of-the-universe-1_663/index.html, http://books.toscrape.com/media/cache/61/1a/611aba0ef5b859ba1977ef30677b0194.jpg
"Angels Walking (Angels Walking #1)", £34.20, http://books.toscrape.comangels-walking-angels-walking-1_662/index.html, http://books.toscrape.com/media/cache/50/0e/500eeb810e940424827580574e46852c.jpg
"Angels & Demons (Robert Langdon #1)", £51.48, http://books.toscrape.comangels-demons-robert-langdon-1_661/index.html, http://books.toscrape.com/media/cache/b4/2a/b42a187c37de904f776070c57f51c756.jpg
"All the Light We Cannot See", £29.87, http://books.toscrape.comall-the-light-we-cannot-see_660/index.html, http://books.toscrape.com/media/cache/41/c3/41c37f7f0e03ee1144dd6fa89483b5d9.jpg
"Adulthood Is a Myth: A "Sarah's Scribbles" Collection", £10.90, http://books.toscrape.comadulthood-is-a-myth-a-sarahs-scribbles-collection_659/index.html, http://books.toscrape.com/media/cache/a2/b9/a2b974e5a66e7502c77d2e4632abe033.jpg
"Abstract City", £56.37, http://books.toscrape.comabstract-city_658/index.html, http://books.toscrape.com/media/cache/e7/70/e77019ebd71bcf6badb085bddf47c413.jpg
"A Time of Torment (Charlie Parker #14)", £48.35, http://books.toscrape.coma-time-of-torment-charlie-parker-14_657/index.html, http://books.toscrape.com/media/cache/e8/c0/e8c0ba15066bab950ae161fd60949b9a.jpg
"A Study in Scarlet (Sherlock Holmes #1)", £16.73, http://books.toscrape.coma-study-in-scarlet-sherlock-holmes-1_656/index.html, http://books.toscrape.com/media/cache/8f/a4/8fa41d6caa10e427356b8a590eb4d96b.jpg
"A Series of Catastrophes and Miracles: A True Story of Love, Science, and Cancer", £56.48, http://books.toscrape.coma-series-of-catastrophes-and-miracles-a-true-story-of-love-science-and-cancer_655/index.html, http://books.toscrape.com/media/cache/9b/20/9b2076ce7414103a093ce2459d089969.jpg
"A People's History of the United States", £40.79, http://books.toscrape.coma-peoples-history-of-the-united-states_654/index.html, http://books.toscrape.com/media/cache/75/20/75200336c141156746000f7055df344a.jpg
"A Man Called Ove", £39.72, http://books.toscrape.coma-man-called-ove_653/index.html, http://books.toscrape.com/media/cache/9c/f1/9cf1f4a47b8d08909fc092e6ae598d83.jpg
"A Distant Mirror: The Calamitous 14th Century", £14.58, http://books.toscrape.coma-distant-mirror-the-calamitous-14th-century_652/index.html, http://books.toscrape.com/media/cache/41/d5/41d5fa6a81cdbcbe6b0b15757a4c9144.jpg
"A Brush of Wings (Angels Walking #3)", £55.51, http://books.toscrape.coma-brush-of-wings-angels-walking-3_651/index.html, http://books.toscrape.com/media/cache/4d/16/4d163d43cb4aa624e599330a39abace5.jpg
"1491: New Revelations of the Americas Before Columbus", £21.80, http://books.toscrape.com1491-new-revelations-of-the-americas-before-columbus_650/index.html, http://books.toscrape.com/media/cache/88/75/8875f384ce9103281b7f6e86a2b8204d.jpg
"The Three Searches, Meaning, and the Story", £13.33, http://books.toscrape.comthe-three-searches-meaning-and-the-story_649/index.html, http://books.toscrape.com/media/cache/83/35/8335b71599b5a257a56cfabdd79080a4.jpg
"Searching for Meaning in Gailana", £38.73, http://books.toscrape.comsearching-for-meaning-in-gailana_648/index.html, http://books.toscrape.com/media/cache/3b/04/3b045fe0394dc192950a0ec9e3812fe4.jpg
"Rook", £37.86, http://books.toscrape.comrook_647/index.html, http://books.toscrape.com/media/cache/55/33/5533595a623c3bb947c4a5171fc2df08.jpg
"My Kitchen Year: 136 Recipes That Saved My Life", £11.53, http://books.toscrape.commy-kitchen-year-136-recipes-that-saved-my-life_646/index.html, http://books.toscrape.com/media/cache/76/a1/76a1516c8d9c3e620626f30840013a85.jpg
"13 Hours: The Inside Account of What Really Happened In Benghazi", £27.06, http://books.toscrape.com13-hours-the-inside-account-of-what-really-happened-in-benghazi_645/index.html, http://books.toscrape.com/media/cache/15/f7/15f78e0b04feb9b94e88865803cb5e9e.jpg
"Will You Won't You Want Me?", £13.86, http://books.toscrape.comwill-you-wont-you-want-me_644/index.html, http://books.toscrape.com/media/cache/16/e3/16e3ca741956485119251e7442a67e2e.jpg
"Tipping Point for Planet Earth: How Close Are We to the Edge?", £37.55, http://books.toscrape.comtipping-point-for-planet-earth-how-close-are-we-to-the-edge_643/index.html, http://books.toscrape.com/media/cache/56/97/5697f2f8f628129df01c5790985ffd9b.jpg
"The Star-Touched Queen", £32.30, http://books.toscrape.comthe-star-touched-queen_642/index.html, http://books.toscrape.com/media/cache/d3/0d/d30dd8b6be6f9fcfd17178e8083238b6.jpg
"The Silent Sister (Riley MacPherson #1)", £46.29, http://books.toscrape.comthe-silent-sister-riley-macpherson-1_641/index.html, http://books.toscrape.com/media/cache/30/2c/302cd9c84442e139145ec0993880d7e0.jpg
"The Midnight Watch: A Novel of the Titanic and the Californian", £26.20, http://books.toscrape.comthe-midnight-watch-a-novel-of-the-titanic-and-the-californian_640/index.html, http://books.toscrape.com/media/cache/97/3a/973a2c3462a18fc90d3b9662d959df37.jpg
"The Lonely City: Adventures in the Art of Being Alone", £33.26, http://books.toscrape.comthe-lonely-city-adventures-in-the-art-of-being-alone_639/index.html, http://books.toscrape.com/media/cache/5c/5e/5c5e527fea6b17199773bb175b515aee.jpg
"The Gray Rhino: How to Recognize and Act on the Obvious Dangers We Ignore", £59.15, http://books.toscrape.comthe-gray-rhino-how-to-recognize-and-act-on-the-obvious-dangers-we-ignore_638/index.html, http://books.toscrape.com/media/cache/9f/25/9f255826f354776dda9afbd5576a7add.jpg
"The Golden Condom: And Other Essays on Love Lost and Found", £39.43, http://books.toscrape.comthe-golden-condom-and-other-essays-on-love-lost-and-found_637/index.html, http://books.toscrape.com/media/cache/dc/4d/dc4d070e33813a07a4e02f069e6d482f.jpg
"The Epidemic (The Program 0.6)", £14.44, http://books.toscrape.comthe-epidemic-the-program-06_636/index.html, http://books.toscrape.com/media/cache/87/cd/87cd652c35e2a78535c83becae33cff2.jpg
"The Dinner Party", £56.54, http://books.toscrape.comthe-dinner-party_635/index.html, http://books.toscrape.com/media/cache/ba/76/ba761d23c5c0e5a0638e04739c69c5d0.jpg
"The Diary of a Young Girl", £59.90, http://books.toscrape.comthe-diary-of-a-young-girl_634/index.html, http://books.toscrape.com/media/cache/83/d5/83d5526864a108d27fd4b03dd31ec18b.jpg
"The Children", £11.88, http://books.toscrape.comthe-children_633/index.html, http://books.toscrape.com/media/cache/d8/03/d803ab341d3020a3bb280d6135e4ae65.jpg
"Stars Above (The Lunar Chronicles #4.5)", £48.05, http://books.toscrape.comstars-above-the-lunar-chronicles-45_632/index.html, http://books.toscrape.com/media/cache/fd/5b/fd5b14399052ab552e240ed18ab03c6d.jpg
"Snatched: How A Drug Queen Went Undercover for the DEA and Was Kidnapped By Colombian Guerillas", £21.21, http://books.toscrape.comsnatched-how-a-drug-queen-went-undercover-for-the-dea-and-was-kidnapped-by-colombian-guerillas_631/index.html, http://books.toscrape.com/media/cache/2a/f3/2af39796852729270fb23e05a662a42c.jpg
"Raspberry Pi Electronics Projects for the Evil Genius", £49.67, http://books.toscrape.comraspberry-pi-electronics-projects-for-the-evil-genius_630/index.html, http://books.toscrape.com/media/cache/a2/da/a2da8957b9cb8265d7f1dfeb0651f1c7.jpg
"Quench Your Own Thirst: Business Lessons Learned Over a Beer or Two", £43.14, http://books.toscrape.comquench-your-own-thirst-business-lessons-learned-over-a-beer-or-two_629/index.html, http://books.toscrape.com/media/cache/2d/fd/2dfdc52bcdbd82dee50372bc46c83e15.jpg
"Psycho: Sanitarium (Psycho #1.5)", £36.97, http://books.toscrape.compsycho-sanitarium-psycho-15_628/index.html, http://books.toscrape.com/media/cache/02/5c/025c30a378e2a4190e84f1429e81b803.jpg
"Poisonous (Max Revere Novels #3)", £26.80, http://books.toscrape.compoisonous-max-revere-novels-3_627/index.html, http://books.toscrape.com/media/cache/23/52/2352718971d5e166fa9541a5a7d716fa.jpg
"One with You (Crossfire #5)", £15.71, http://books.toscrape.comone-with-you-crossfire-5_626/index.html, http://books.toscrape.com/media/cache/b8/29/b829181ae95c8f020c1ad3273192de30.jpg
"No Love Allowed (Dodge Cove #1)", £54.65, http://books.toscrape.comno-love-allowed-dodge-cove-1_625/index.html, http://books.toscrape.com/media/cache/70/3e/703e053877204a396ec6e7beac863118.jpg
"Murder at the 42nd Street Library (Raymond Ambler #1)", £54.36, http://books.toscrape.commurder-at-the-42nd-street-library-raymond-ambler-1_624/index.html, http://books.toscrape.com/media/cache/c3/8d/c38d65cd155b67ca025f0655bd1bb095.jpg
"Most Wanted", £35.28, http://books.toscrape.commost-wanted_623/index.html, http://books.toscrape.com/media/cache/8b/bc/8bbc5ab4c3784b4d9b93eb0fd1fb6fd6.jpg
"Love, Lies and Spies", £20.55, http://books.toscrape.comlove-lies-and-spies_622/index.html, http://books.toscrape.com/media/cache/7a/22/7a224a6e174af91950e9b124afe54e0e.jpg
"How to Speak Golf: An Illustrated Guide to Links Lingo", £58.32, http://books.toscrape.comhow-to-speak-golf-an-illustrated-guide-to-links-lingo_621/index.html, http://books.toscrape.com/media/cache/d2/64/d264ad1af882ce391005dc7215ac90e7.jpg
"Hide Away (Eve Duncan #20)", £11.84, http://books.toscrape.comhide-away-eve-duncan-20_620/index.html, http://books.toscrape.com/media/cache/57/07/5707c3d5d4fd44d943d51730ba7d429a.jpg
"Furiously Happy: A Funny Book About Horrible Things", £41.46, http://books.toscrape.comfuriously-happy-a-funny-book-about-horrible-things_619/index.html, http://books.toscrape.com/media/cache/ab/2a/ab2ae4f02aa46271b4bfc77494039fc6.jpg
"Everyday Italian: 125 Simple and Delicious Recipes", £20.10, http://books.toscrape.comeveryday-italian-125-simple-and-delicious-recipes_618/index.html, http://books.toscrape.com/media/cache/5a/64/5a6499d41ccaad4c4f7eeaa90e16345a.jpg
"Equal Is Unfair: America's Misguided Fight Against Income Inequality", £56.86, http://books.toscrape.comequal-is-unfair-americas-misguided-fight-against-income-inequality_617/index.html, http://books.toscrape.com/media/cache/00/11/001153d2a22d889837efac1703e10a5e.jpg
"Eleanor & Park", £56.51, http://books.toscrape.comeleanor-park_616/index.html, http://books.toscrape.com/media/cache/ed/d7/edd781d3c9d63a395f80f241445e88fa.jpg
"Dirty (Dive Bar #1)", £40.83, http://books.toscrape.comdirty-dive-bar-1_615/index.html, http://books.toscrape.com/media/cache/ae/90/ae903f6f6d059954be4e85497dd76bf5.jpg
"Can You Keep a Secret? (Fear Street Relaunch #4)", £48.64, http://books.toscrape.comcan-you-keep-a-secret-fear-street-relaunch-4_614/index.html, http://books.toscrape.com/media/cache/0b/2f/0b2f432cc27132f688fcdf29618521e0.jpg
"Boar Island (Anna Pigeon #19)", £59.48, http://books.toscrape.comboar-island-anna-pigeon-19_613/index.html, http://books.toscrape.com/media/cache/d5/81/d58157866ea8f015a8e4c55b23b8c96f.jpg
"A Paris Apartment", £39.01, http://books.toscrape.coma-paris-apartment_612/index.html, http://books.toscrape.com/media/cache/16/57/16575316618bd7e922d5b0e0f87de2ca.jpg
"A la Mode: 120 Recipes in 60 Pairings: Pies, Tarts, Cakes, Crisps, and More Topped with Ice Cream, Gelato, Frozen Custard, and More", £38.77, http://books.toscrape.coma-la-mode-120-recipes-in-60-pairings-pies-tarts-cakes-crisps-and-more-topped-with-ice-cream-gelato-frozen-custard-and-more_611/index.html, http://books.toscrape.com/media/cache/98/19/9819ff3a8290dc6ab8797d00de5ec554.jpg
"Troublemaker: Surviving Hollywood and Scientology", £48.39, http://books.toscrape.comtroublemaker-surviving-hollywood-and-scientology_610/index.html, http://books.toscrape.com/media/cache/77/82/778285b3c87d6d5d98003aa0f2f65933.jpg
"The Widow", £27.26, http://books.toscrape.comthe-widow_609/index.html, http://books.toscrape.com/media/cache/fd/71/fd71fb07247bf911505a351c0670c6dc.jpg
"The Sleep Revolution: Transforming Your Life, One Night at a Time", £11.68, http://books.toscrape.comthe-sleep-revolution-transforming-your-life-one-night-at-a-time_608/index.html, http://books.toscrape.com/media/cache/3d/c5/3dc5455313710cf7055c060114e25bf0.jpg
"The Improbability of Love", £59.45, http://books.toscrape.comthe-improbability-of-love_607/index.html, http://books.toscrape.com/media/cache/06/49/06493269f6893cfd24b650f66df51882.jpg
"The Art of Startup Fundraising", £21.00, http://books.toscrape.comthe-art-of-startup-fundraising_606/index.html, http://books.toscrape.com/media/cache/b3/7b/b37be83183f1dcb759d92bda8f8998a4.jpg
"Take Me Home Tonight (Rock Star Romance #3)", £53.98, http://books.toscrape.comtake-me-home-tonight-rock-star-romance-3_605/index.html, http://books.toscrape.com/media/cache/a6/4b/a64b3c559f59748bfdbbe75be3e16075.jpg
"Sleeping Giants (Themis Files #1)", £48.74, http://books.toscrape.comsleeping-giants-themis-files-1_604/index.html, http://books.toscrape.com/media/cache/c0/72/c072c1ef144d571abd25fe9cc18cceba.jpg
"Setting the World on Fire: The Brief, Astonishing Life of St. Catherine of Siena", £21.15, http://books.toscrape.comsetting-the-world-on-fire-the-brief-astonishing-life-of-st-catherine-of-siena_603/index.html, http://books.toscrape.com/media/cache/8b/c4/8bc43a6b42d0283ab4bf611f1b497126.jpg
"Playing with Fire", £13.71, http://books.toscrape.complaying-with-fire_602/index.html, http://books.toscrape.com/media/cache/90/0b/900bd2e60d56b6480a4e8eb2dddb46d6.jpg
"Off the Hook (Fishing for Trouble #1)", £47.67, http://books.toscrape.comoff-the-hook-fishing-for-trouble-1_601/index.html, http://books.toscrape.com/media/cache/1d/78/1d78fe226e1adb9cb591fa21f8a9bf68.jpg
